kind,path,size_bytes,sha256
exacta,KRA/parsed/kra_2016_post/market=exacta/year=2016/month=2016-06/part-0.parquet,76891,b5da416765dfff8c11e4695567700d98e403386ad38f8f5248d08da465c1f291
exacta,KRA/parsed/kra_2016_post/market=exacta/year=2016/month=2016-07/part-0.parquet,104780,b6156694c50392c081f6aa94963dfbceb3342ce6cc381d8b531de257129c5c28
exacta,KRA/parsed/kra_2016_post/market=exacta/year=2016/month=2016-08/part-0.parquet,89960,c9818c750e73d75eb24b41590ead2e1e76fe79ce4b1e847c931f3973b23407bd
exacta,KRA/parsed/kra_2016_post/market=exacta/year=2016/month=2016-09/part-0.parquet,105015,facbab0102cf811d7440d3a03b94c81d782811ef013704618d3757353bf56007
exacta,KRA/parsed/kra_2016_post/market=exacta/year=2016/month=2016-10/part-0.parquet,110594,20dbad00049ed9cf2b09d8c9ecd305c6a3ce6f68d369bb235fe56926bfa6b68a
exacta,KRA/parsed/kra_2016_post/market=exacta/year=2016/month=2016-11/part-0.parquet,109510,de5b7d04be2e7267141349a1f7d777700dfa3485ad870b7f92761a5f9a14bf93
exacta,KRA/parsed/kra_2016_post/market=exacta/year=2016/month=2016-12/part-0.parquet,111717,ce0a0917f419258d90e7039f02b36d293a46c9597b34a4daaf26114661d5d95c
exacta,KRA/parsed/kra_2017/market=exacta/year=2017/month=2017-01/part-0.parquet,87678,981dfb2a061158505cdc2cff91b207b30f8f24e20e57e330214f4eaaf3de4fd2
exacta,KRA/parsed/kra_2017/market=exacta/year=2017/month=2017-02/part-0.parquet,116603,3f90fff53eb7115e408e8f46140fe4ce68d88ccfdb0aba4bd584d83b22fb5727
exacta,KRA/parsed/kra_2017/market=exacta/year=2017/month=2017-03/part-0.parquet,122273,2c8c75f0ec02fe6208174c15b38ebcaedfddc71dda4c69b7947b793a9aa871b8
exacta,KRA/parsed/kra_2017/market=exacta/year=2017/month=2017-04/part-0.parquet,111690,75c3a0b15d8e6a277c55bfdebeb0e89fc71e92a10856def0034bc83cfd22b4a3
exacta,KRA/parsed/kra_2017/market=exacta/year=2017/month=2017-05/part-0.parquet,97990,e5a2eac708a6364a81fdfba5f43eef1a2ba7b12fb8391fae1eb8a9218feb8219
exacta,KRA/parsed/kra_2017/market=exacta/year=2017/month=2017-06/part-0.parquet,103664,7cd2f2425c726d96d09b527740f1c9f5c2c9fd3e1f3348f34b4c93926ad03dc5
exacta,KRA/parsed/kra_2017/market=exacta/year=2017/month=2017-07/part-0.parquet,96361,27843356be22c24415ddf9c5c41db4936dcad6b8c66d134edbd4fa2940259c23
exacta,KRA/parsed/kra_2017/market=exacta/year=2017/month=2017-08/part-0.parquet,85313,13555f09e0641a0702f7e6c35780d4818d559d6793414e1aee2f05fe057d7410
exacta,KRA/parsed/kra_2017/market=exacta/year=2017/month=2017-09/part-0.parquet,108817,6e4c6c771a9d126d4553eb7911fa63af8950aef8f7959e1c5e63f4fe163aa963
exacta,KRA/parsed/kra_2017/market=exacta/year=2017/month=2017-10/part-0.parquet,100536,2e759b9af527d14fbff5bed09199c28253ae321a94bec389046d331749b5d40e
exacta,KRA/parsed/kra_2017/market=exacta/year=2017/month=2017-11/part-0.parquet,106682,afb8ce42735f761b8071793c41a96aacfd93c2059901d7718bc4d26173a93231
exacta,KRA/parsed/kra_2017/market=exacta/year=2017/month=2017-12/part-0.parquet,111135,777d48c3230b60bb6d611615fc002ade248b9633e1c0d57de52736c958f32485
exacta,KRA/parsed/kra_2018/market=exacta/year=2018/month=2018-01/part-0.parquet,99421,e60f50278b1b8623dbd32a38f0d1fb8e52145902af08d78d969597b8e8757e3c
exacta,KRA/parsed/kra_2018/market=exacta/year=2018/month=2018-02/part-0.parquet,89812,19b58b83f0f3c4766b7aa73d1b4d8b99ecc69df955d75fd172f1d8eb1957b072
exacta,KRA/parsed/kra_2018/market=exacta/year=2018/month=2018-03/part-0.parquet,112975,8e544dde98ae14c15f1e649e8b0850e3bac3d7199993630fc2bfdea4936a13f5
exacta,KRA/parsed/kra_2018/market=exacta/year=2018/month=2018-04/part-0.parquet,104010,748fe86b925e520eab02ae76ab78a7888c61c3347d4418dfda948f15e2993a57
exacta,KRA/parsed/kra_2018/market=exacta/year=2018/month=2018-05/part-0.parquet,96539,6ab31baa3a8da9664b15c89c78e8878ca599eaa4df1bb665cb0dedc2a6039274
exacta,KRA/parsed/kra_2018/market=exacta/year=2018/month=2018-06/part-0.parquet,92749,79c7c29c02d959b1c76a3a117ca0c44204412ee68c90eb3a711f558bf0895f3b
exacta,KRA/parsed/kra_2018/market=exacta/year=2018/month=2018-07/part-0.parquet,87296,48aec0be7dfa78b02993f79e301b407aa0b02806e92bc4d62c8b0f9155aeb9f6
exacta,KRA/parsed/kra_2018/market=exacta/year=2018/month=2018-08/part-0.parquet,83063,de22caba67776c6f6dd329f3451904f4d1fde5f7b0f64177dd250f2d85acd86c
exacta,KRA/parsed/kra_2018/market=exacta/year=2018/month=2018-09/part-0.parquet,90920,0b87cc797210ae0dc16e65ce18ed38c65d0ce2aadba716d59581611ed333a5a4
exacta,KRA/parsed/kra_2018/market=exacta/year=2018/month=2018-10/part-0.parquet,105899,535ee2fb7da948754e7fe1a8d0b28058aa3948e8d64100ef019afbf2e8d85d8e
exacta,KRA/parsed/kra_2018/market=exacta/year=2018/month=2018-11/part-0.parquet,114327,bfcf2a864661afd059eabfc770e31e75170ba4307beb9bb9a44e5de184719f46
exacta,KRA/parsed/kra_2018/market=exacta/year=2018/month=2018-12/part-0.parquet,111570,0fca6e99f8349d1c73b1572d7e8f08b105da486138e5979802a01edb015d0e84
exacta,KRA/parsed/kra_2019/market=exacta/year=2019/month=2019-01/part-0.parquet,108454,6b66085432663d87b6411bc35d79968c8211be1e8b9b56c9a66ff0bd8be3ce27
exacta,KRA/parsed/kra_2019/market=exacta/year=2019/month=2019-02/part-0.parquet,92910,c4916c5b4efd8076a964bf07b4d86c105b9ca3e4b7da0c96235e0518423c8c8a
exacta,KRA/parsed/kra_2019/market=exacta/year=2019/month=2019-03/part-0.parquet,131899,e1887be7921f416940f486d1e35d884d1a44494ae151cbf006bc5bd9ab3d70d3
exacta,KRA/parsed/kra_2019/market=exacta/year=2019/month=2019-04/part-0.parquet,108391,380ba54c153d3ee4c7bf61653ab2cbd6ce0b4f952247346a9def632302312ee2
exacta,KRA/parsed/kra_2019/market=exacta/year=2019/month=2019-05/part-0.parquet,108200,94b0e9abe8e776f163d9a99c16b35866797e114850670ac82540c2023d5c8761
exacta,KRA/parsed/kra_2019/market=exacta/year=2019/month=2019-06/part-0.parquet,102843,b6930688093722ce6649852dea620fcbb1cf4506a96fe6ab7ef87cb04ba8536c
exacta,KRA/parsed/kra_2019/market=exacta/year=2019/month=2019-07/part-0.parquet,85045,292cfd32c161a3a9593eccac0002a900d4767e70046cdb3ded9ab7a6a6b44285
exacta,KRA/parsed/kra_2019/market=exacta/year=2019/month=2019-08/part-0.parquet,99055,beb6efff8a740e995cb92be63040984be06d0e366a022f02008ca7e51540f9ab
exacta,KRA/parsed/kra_2019/market=exacta/year=2019/month=2019-09/part-0.parquet,96734,bc1be22daa94cdbabec14263a44e4fc0c97d901e43344dc6a67ca5916fe383f9
exacta,KRA/parsed/kra_2019/market=exacta/year=2019/month=2019-10/part-0.parquet,106321,17696ad673a07428edf947fe65e44a24f87a8d1c9ab2c61489a69f77a162faea
exacta,KRA/parsed/kra_2019/market=exacta/year=2019/month=2019-11/part-0.parquet,117187,1ee3866ea9c1da67221c09ae9eb7a0f494394e4bc8016b2bb15c174f9b63c3b5
exacta,KRA/parsed/kra_2019/market=exacta/year=2019/month=2019-12/part-0.parquet,113770,df92c433bba08fec07e4f68619f7d4ce82777e2eee562beb9bb85f06cdbb4853
exacta,KRA/parsed/kra_2022/market=exacta/year=2022/month=2022-01/part-0.parquet,107983,e6051922a65d109663aeab2a150e67e05180155804dbecc19b051607e341b43a
exacta,KRA/parsed/kra_2022/market=exacta/year=2022/month=2022-02/part-0.parquet,98238,05a769d307b7434b2a98987fa4e9f24132d5e6c77289fcd9b9e3cc8acfc98467
exacta,KRA/parsed/kra_2022/market=exacta/year=2022/month=2022-03/part-0.parquet,91302,97fa884880ba1c7f21c5c45e669d24526a51784230724afb8cebd737b9658ad5
exacta,KRA/parsed/kra_2022/market=exacta/year=2022/month=2022-04/part-0.parquet,94713,8eaca14e6442040d7f8b7c39421dc47e0f542511a273e487a327e43c36d34e97
exacta,KRA/parsed/kra_2022/market=exacta/year=2022/month=2022-05/part-0.parquet,86766,493fd309a1037e34d555da40b486e40258daef89544fa3746b589652746f3d2d
exacta,KRA/parsed/kra_2022/market=exacta/year=2022/month=2022-06/part-0.parquet,84435,235d5de4eb2b243291a573264641a2d6e0f0dcd720d405b97a5420c8bf84cd85
exacta,KRA/parsed/kra_2022/market=exacta/year=2022/month=2022-07/part-0.parquet,81109,8eb7d40467f0a273ef3788766bf8c361c76da5155ee09857e31e58d5012469b4
exacta,KRA/parsed/kra_2022/market=exacta/year=2022/month=2022-08/part-0.parquet,71109,40565357602ab793068ce7307fce2b8eaec43f6432c31891be314c4d4f4daa9c
exacta,KRA/parsed/kra_2022/market=exacta/year=2022/month=2022-09/part-0.parquet,81128,77afedaf398ac304bb26664b45e78fc5fc8a6539b39425ab06668be7d1fd7e85
exacta,KRA/parsed/kra_2022/market=exacta/year=2022/month=2022-10/part-0.parquet,104558,0b4c83f264187886580c0f932fd72c533dd48bdee30cbceb66f0c213615e3750
exacta,KRA/parsed/kra_2022/market=exacta/year=2022/month=2022-11/part-0.parquet,96289,c04dd178c0a0ea13d8da177904f344db8d7c6dc60d36b222e2d74e70c38020d5
exacta,KRA/parsed/kra_2022/market=exacta/year=2022/month=2022-12/part-0.parquet,97955,184679dcf3360891e583b7e65662024ea5b99b2267afbb7fed0235769720203a
exacta,KRA/parsed/kra_2023/market=exacta/year=2023/month=2023-01/part-0.parquet,79847,b2768cfafb7e1eba82f3dbfe57298cfe2ff5b35efb7e6e6efc79979aad9b4600
exacta,KRA/parsed/kra_2023/market=exacta/year=2023/month=2023-02/part-0.parquet,96123,25d46b3680f3956b9b5e7c47e1a232aa20f44c7c85dcc2e7af7b5c7c2d009d84
exacta,KRA/parsed/kra_2023/market=exacta/year=2023/month=2023-03/part-0.parquet,91404,34cf91414d3618514c0cfb1091c1cf3b0140c167a91d7b8ff61d6b0e98a92bb4
exacta,KRA/parsed/kra_2023/market=exacta/year=2023/month=2023-04/part-0.parquet,90651,691870a23b7a68e3693dae68b004768c79b8f8b917740205a7c27923e1713e00
exacta,KRA/parsed/kra_2023/market=exacta/year=2023/month=2023-05/part-0.parquet,74610,9418ff99eea60219db8b165e644fb88b0be82f6638bc6da545d02a9edfc50891
exacta,KRA/parsed/kra_2023/market=exacta/year=2023/month=2023-06/part-0.parquet,87123,5a68b07518f9366b91e3679a799d1cbf6d23d0f691c9b9dd3aaab4c9945c96a0
exacta,KRA/parsed/kra_2023/market=exacta/year=2023/month=2023-07/part-0.parquet,80786,b97b4baa5505c12be226bda67d302c50482d8e35fb43aa643deafe6278d1f5a3
exacta,KRA/parsed/kra_2023/market=exacta/year=2023/month=2023-08/part-0.parquet,78712,d7f3edb49c8080a21b902681010cf24cbd667acb9a3e04e9a49f19eda007a877
exacta,KRA/parsed/kra_2023/market=exacta/year=2023/month=2023-09/part-0.parquet,83697,c37291d3014749520d29e393c9bf9cc3948665a3421af3f8ea10f22c51cb3071
exacta,KRA/parsed/kra_2023/market=exacta/year=2023/month=2023-10/part-0.parquet,86178,34440d2f61d1ad48495353a5737d6ff6cc1bb0eb1b186c8619c5078ebb447f7b
exacta,KRA/parsed/kra_2023/market=exacta/year=2023/month=2023-11/part-0.parquet,88020,8f2fe22e51383712d3f5bfe448dab05fe4964bd90d4969f604714868e54f729d
exacta,KRA/parsed/kra_2023/market=exacta/year=2023/month=2023-12/part-0.parquet,98759,b185117ea84e5c482e02b7e87a8fc5ed08fc705b92882500076eb591abb61758
exacta,KRA/parsed/kra_2024/market=exacta/year=2024/month=2024-01/part-0.parquet,78594,172e7eb7836ab0506d600e342cd93e6e0cf278f9ed277faa39297d110d2bf78c
exacta,KRA/parsed/kra_2024/market=exacta/year=2024/month=2024-02/part-0.parquet,77861,e1949918c8105de370b1c0986b40be81bb9f9253f2aa2ad435a74d12c999f46b
exacta,KRA/parsed/kra_2024/market=exacta/year=2024/month=2024-03/part-0.parquet,105199,5a7180612c94c3b02ceea5d8a9b9b86a18d846d089259d13973f8b595e0f8ca4
exacta,KRA/parsed/kra_2024/market=exacta/year=2024/month=2024-04/part-0.parquet,85404,33df1f0734eac904d992764ca1ba51c9ac0b4ceb59dea46528f00d6328fead38
exacta,KRA/parsed/kra_2024/market=exacta/year=2024/month=2024-05/part-0.parquet,87965,137538c2a0f3e5d1393dfd3c136a8048d66d86e613108a356e32da8bac5b73a1
exacta,KRA/parsed/kra_2024/market=exacta/year=2024/month=2024-06/part-0.parquet,83097,1aebff3e09895dc144c65342090f597035ec5b76950b53bf90392ec5e087d124
exacta,KRA/parsed/kra_2024/market=exacta/year=2024/month=2024-07/part-0.parquet,70333,937bce591b09fec9d195b3833ebf1118411749beb9d616681425ba3cd6f1a563
exacta,KRA/parsed/kra_2024/market=exacta/year=2024/month=2024-08/part-0.parquet,72715,69e671ee304b01dacc1116111ab4241847c8e4aa190a3efa6acfdeab01818f2f
exacta,KRA/parsed/kra_2024/market=exacta/year=2024/month=2024-09/part-0.parquet,73091,06eaa22a59960dee3b81aaeff92b3894309e5e352e13e07c35b6fcbec0f8d9f9
exacta,KRA/parsed/kra_2024/market=exacta/year=2024/month=2024-10/part-0.parquet,83619,91328065afcd71ac1fee8e0598c1594656dce7ca129634a3f935099b3d402f96
exacta,KRA/parsed/kra_2024/market=exacta/year=2024/month=2024-11/part-0.parquet,93726,416ceca382297d9c926198850fb0ed9304297ee065897eb9f13513d12e289271
exacta,KRA/parsed/kra_2024/market=exacta/year=2024/month=2024-12/part-0.parquet,95769,c159eaf92d8d8cbabcb73664c9356b020ea8b659dcbaae57a3cbf035c47da843
exacta,KRA/parsed/kra_2025/market=exacta/year=2025/month=2025-01/part-0.parquet,87069,58f8da3874dc24471b1356a7aa9f3686ed60584b76146ca256e625d3b750a528
exacta,KRA/parsed/kra_2025/market=exacta/year=2025/month=2025-02/part-0.parquet,75033,ce4fac856a5f2934dc84fdf4d4f4fd3fb71b38e6142be6c0e9b4948f8221f3a5
exacta,KRA/parsed/kra_2025/market=exacta/year=2025/month=2025-03/part-0.parquet,99442,aa7b023837b2bd79b33db0cfb01da591c1d42ebf993ea9cc434d4f44db310858
exacta,KRA/parsed/kra_2025/market=exacta/year=2025/month=2025-04/part-0.parquet,91329,2c826697563e9c1eec5c932cfde3a8dab1e04876a5f1f36f6741f27affe8db6d
exacta,KRA/parsed/kra_2025/market=exacta/year=2025/month=2025-05/part-0.parquet,88407,886cfc50e4d92bf0d2f39e95a264c71d0b784afe0b919ff915363f7f2abfa3d5
exacta,KRA/parsed/kra_2025/market=exacta/year=2025/month=2025-06/part-0.parquet,80234,6f53885dcaeb7903d5144497f2bd87c03aaa2dbecc47c0f0ff9431dd40312b21
exacta,KRA/parsed/kra_2025/market=exacta/year=2025/month=2025-07/part-0.parquet,70271,15a82dd6c85150276882a701a37743af34fdc71cdcac68383b35f5361281a10b
exacta,KRA/parsed/kra_2025/market=exacta/year=2025/month=2025-08/part-0.parquet,78484,39e0dfd7f2a08cef418917b5ebb1c89aefd76617b6e8b39c1a1f95dab302ec4d
exacta,KRA/parsed/kra_2025/market=exacta/year=2025/month=2025-09/part-0.parquet,81762,a046bb41d6eb311b275b41f63620b28e34a1f945c5de4d7c1c7b61a8eb51a8af
exacta,KRA/parsed/kra_2025/market=exacta/year=2025/month=2025-10/part-0.parquet,68669,6db126628237da0195dd77b1f30a19c8a7a6d3d6b8ef0967afb6d7b6017ec926
exacta,KRA/parsed/kra_2025/market=exacta/year=2025/month=2025-11/part-0.parquet,107260,e2a0296dcd18b3f60426f02185b890337e1f8fc5306681a376020ae62fe64d1a
exacta,KRA/parsed/kra_2025/market=exacta/year=2025/month=2025-12/part-0.parquet,92056,31af850173dba7aaa4761e6d117589fbe4fa56c38410e3622b406d3553319b08
market_status,KRA/parsed/kra_2016_post/market_status/year=2016/month=2016-06/part-0.parquet,4634,a3d4cb6d21c7daa038fae4b3b0927ea5dff960102034472b2a87837e746eea22
market_status,KRA/parsed/kra_2016_post/market_status/year=2016/month=2016-07/part-0.parquet,6210,78346a495ff3f003a36cc3693517a8abf61de2936526744549ac05da03e51380
market_status,KRA/parsed/kra_2016_post/market_status/year=2016/month=2016-08/part-0.parquet,5147,49b9cfbe089f141cf35fb71e9098ff669f5507c799a073a2581ae3bc6c86dee2
market_status,KRA/parsed/kra_2016_post/market_status/year=2016/month=2016-09/part-0.parquet,5062,0259414cfb12ab4fc51d897da68fa2064c301e558ae0a06944a64a204204fffa
market_status,KRA/parsed/kra_2016_post/market_status/year=2016/month=2016-10/part-0.parquet,5668,5713530cc7d9349d437b91c7d352a011d17d627a42dbfe3cd33f7d3c485f7aa8
market_status,KRA/parsed/kra_2016_post/market_status/year=2016/month=2016-11/part-0.parquet,5348,7cb7204e2e51b93fdd4b5d44b1c58b074501a06ac818c2fb3198c3702b250ff0
market_status,KRA/parsed/kra_2016_post/market_status/year=2016/month=2016-12/part-0.parquet,5487,52c59aa730a953c91eb16bfc92c582881544c51a4625bea78a41a012ce09ca7d
market_status,KRA/parsed/kra_2017/market_status/year=2017/month=2017-01/part-0.parquet,4507,cef36da63eea6b3a3c88d9d53606174f03d98d6446810bec9d80b41f4f9ee8d7
market_status,KRA/parsed/kra_2017/market_status/year=2017/month=2017-02/part-0.parquet,5320,98cb123379db7dd28611908ba85b52cab830fc94c9d9d86a84bd6e059a33ac24
market_status,KRA/parsed/kra_2017/market_status/year=2017/month=2017-03/part-0.parquet,5530,fef83d8e3609ffb132741b3cfda559c6b52d73af02d1c7b2f763b4e7dc0bdbd5
market_status,KRA/parsed/kra_2017/market_status/year=2017/month=2017-04/part-0.parquet,5984,ea1dd6a2fff6876d03424da38fc6171d7b1479cff32490ac550cac89dee677ac
market_status,KRA/parsed/kra_2017/market_status/year=2017/month=2017-05/part-0.parquet,5248,3475bce158d5d5dcbfa51d7375000240dab0408650a47cb835b7e652b3c7ec69
market_status,KRA/parsed/kra_2017/market_status/year=2017/month=2017-06/part-0.parquet,5541,3ac5f246156542dd6a27deeb8714a3b8ce12c3d11c61ae8b083a42a960484e8c
market_status,KRA/parsed/kra_2017/market_status/year=2017/month=2017-07/part-0.parquet,5564,4e45880a51c5f59479ba3e62d8e5e38dfb1c05533d1331f20b2b05c8c3369412
market_status,KRA/parsed/kra_2017/market_status/year=2017/month=2017-08/part-0.parquet,4983,e7ac5c4efe89bd534d2058c54977f4b6e4489f8bde70a5a388dee970d4c1e414
market_status,KRA/parsed/kra_2017/market_status/year=2017/month=2017-09/part-0.parquet,6139,1dc2bb73cb547bc2e889409c0f9f49ee0282737cac020498b79bac708f29f9e8
market_status,KRA/parsed/kra_2017/market_status/year=2017/month=2017-10/part-0.parquet,4769,b254d33b6380dd24e2595fce8d87e368c2d57d09b64235a1baf5cbac8773ee70
market_status,KRA/parsed/kra_2017/market_status/year=2017/month=2017-11/part-0.parquet,5330,cc463bbd3aa8c7e612c4bd7db6e927873dba8eedcd9cbe02032fa80ef1d7f797
market_status,KRA/parsed/kra_2017/market_status/year=2017/month=2017-12/part-0.parquet,5625,a084ea3c5d097477f5280c0fb964ee64f657bae09dd0389cc99917f47377da07
market_status,KRA/parsed/kra_2018/market_status/year=2018/month=2018-01/part-0.parquet,5216,7a01b6acfc7b5cc9b1b94517f3369b77de1ee9a22659e12224e14b31d7700928
market_status,KRA/parsed/kra_2018/market_status/year=2018/month=2018-02/part-0.parquet,4652,ea77e2181a4b58f8931bcb2313b070a73b3e536cf4e57108b06eca8f2cca6f53
market_status,KRA/parsed/kra_2018/market_status/year=2018/month=2018-03/part-0.parquet,6009,ac80b1919c3c195db7ee6f2c616a483d1bb8a8b279c40a9d94c91d874ed1f8a4
market_status,KRA/parsed/kra_2018/market_status/year=2018/month=2018-04/part-0.parquet,5350,73a5373c5194ac8d6f181271ac7c0c4b2e7d4fa355f8f1ae706bf5d9c139ec49
market_status,KRA/parsed/kra_2018/market_status/year=2018/month=2018-05/part-0.parquet,5254,915a4d5d3c68b1d06c9fb0b0c1d4b8d01848716bbdc4eaa91dbe066af2415b64
market_status,KRA/parsed/kra_2018/market_status/year=2018/month=2018-06/part-0.parquet,5668,824c11af7243eefba4fc15a834cb794bc9043cb97754e0dc6392b931ba48e132
market_status,KRA/parsed/kra_2018/market_status/year=2018/month=2018-07/part-0.parquet,5406,422c15ca3d02f9f927c905165e7439b133f416fde0bd9229a256319276da4e3e
market_status,KRA/parsed/kra_2018/market_status/year=2018/month=2018-08/part-0.parquet,5213,4b7d5f41ec615231c468d4431c0512b5d9c0d2c707b07fdf0acffe76f904bf2f
market_status,KRA/parsed/kra_2018/market_status/year=2018/month=2018-09/part-0.parquet,5177,6e28b30b7ed538db047285543907f2c5b1be7f2aa01ef22cafe04f6159193756
market_status,KRA/parsed/kra_2018/market_status/year=2018/month=2018-10/part-0.parquet,5372,5dfbf4b443e8eb113d45a2d7b00d68b1b101102040b55c698c0037f7afe4e7df
market_status,KRA/parsed/kra_2018/market_status/year=2018/month=2018-11/part-0.parquet,5634,1f736bb2a0f5ddb999af853c34aed7fedbc1e1b2a61220e65a1c4c16a9b7f171
market_status,KRA/parsed/kra_2018/market_status/year=2018/month=2018-12/part-0.parquet,5378,8b0f73675bd1b7215284f71d3a520e5cdfeefe55001ac118c29ed3f9f5846475
market_status,KRA/parsed/kra_2019/market_status/year=2019/month=2019-01/part-0.parquet,5225,6b6c7a0c4e6875313cfcd5da69001fda10eb8ddbafccc1b4451cb4fda8a55ea9
market_status,KRA/parsed/kra_2019/market_status/year=2019/month=2019-02/part-0.parquet,4729,54e7b87825bb5d8488c25aae621ff661a4b62662c2a65a6c8f5ed28b8bc55097
market_status,KRA/parsed/kra_2019/market_status/year=2019/month=2019-03/part-0.parquet,6155,95e999bf3970e13e3ec83934641be232dfd2fb822ea6e433c9b563db3829ce0b
market_status,KRA/parsed/kra_2019/market_status/year=2019/month=2019-04/part-0.parquet,5127,9f7ac526af6a270ef0e0f9d5b14078dfc9f0883a3e97d65a22aa8c5f76052b74
market_status,KRA/parsed/kra_2019/market_status/year=2019/month=2019-05/part-0.parquet,5457,292700a1492bde63454aef637243898b9598282d5ab9f9d2175e401eb7c96e00
market_status,KRA/parsed/kra_2019/market_status/year=2019/month=2019-06/part-0.parquet,5462,f74b66aa334defc5af33a2e48a701bf1fe99fe8c88a4c8b6b9103faad3576159
market_status,KRA/parsed/kra_2019/market_status/year=2019/month=2019-07/part-0.parquet,5166,06d3bb124a487074f3b4b60e6db6bd0c9fbb214a9320cdf58eec51f4ba1b4d23
market_status,KRA/parsed/kra_2019/market_status/year=2019/month=2019-08/part-0.parquet,5326,0ede5c87ea3cabd730149c009c4758be87ab0f90aed8122a56c0d3dc6e7f9255
market_status,KRA/parsed/kra_2019/market_status/year=2019/month=2019-09/part-0.parquet,4885,7995c4f7c9680cd5a3199f8a202a1d63925637d29e8fb75154d90fd62ad6e95e
market_status,KRA/parsed/kra_2019/market_status/year=2019/month=2019-10/part-0.parquet,5238,8811de7adfd9631c6dcf71562908bf9d7d1c1551e3f3bd0a66c0921113162326
market_status,KRA/parsed/kra_2019/market_status/year=2019/month=2019-11/part-0.parquet,5638,90ff3e96dd17e8763db6b89abe6512b5f66dcce10c31160341bd946ada85e3b8
market_status,KRA/parsed/kra_2019/market_status/year=2019/month=2019-12/part-0.parquet,5059,df9e223f1c18adbdae3b0ed2883f6d167fa80b40a3cd206d70215722f881bb1d
market_status,KRA/parsed/kra_2022/market_status/year=2022/month=2022-01/part-0.parquet,4974,bd4d48bc1527781b5f8930af0f7cfebae4ecb6c51b6795ffa7092ab8958415d8
market_status,KRA/parsed/kra_2022/market_status/year=2022/month=2022-02/part-0.parquet,4384,707933dd18db7386e15c728343364e0951b575f0beb305a08f14dca14e6fc757
market_status,KRA/parsed/kra_2022/market_status/year=2022/month=2022-03/part-0.parquet,4915,3261ab7a2f6e13d5de8ac00d12e628093d7322bbfc8b02bca329d17416dc35b4
market_status,KRA/parsed/kra_2022/market_status/year=2022/month=2022-04/part-0.parquet,5246,3e361bbe98629a2afde636d4c1c3ceb2189567ee5006f19189a86a3e0bdd6440
market_status,KRA/parsed/kra_2022/market_status/year=2022/month=2022-05/part-0.parquet,5139,8417107a8d854c584139c3446abd0577971978bd5b2e5b22d1214dcddf44f461
market_status,KRA/parsed/kra_2022/market_status/year=2022/month=2022-06/part-0.parquet,4976,585d2ecedefd9c997ea04c60dc18bb8b5855db18d81d71ba886b2cc1d277b024
market_status,KRA/parsed/kra_2022/market_status/year=2022/month=2022-07/part-0.parquet,5488,3cd6c116f71fb5b27184c81d92facce5d4a322b0b47a6470f32dd05f803ba6ff
market_status,KRA/parsed/kra_2022/market_status/year=2022/month=2022-08/part-0.parquet,4821,9275a444bc939658be796eecb462e9662549d3a7b12535c671b41e1fe63868a4
market_status,KRA/parsed/kra_2022/market_status/year=2022/month=2022-09/part-0.parquet,4589,298be854048b9e28b8918f7b59374b427437e36042c3a533bb022511e35e969a
market_status,KRA/parsed/kra_2022/market_status/year=2022/month=2022-10/part-0.parquet,5419,fbab89f49c42978a3d4bc5e401182fc0fb272b03dc3b1f0f57884951af1a1644
market_status,KRA/parsed/kra_2022/market_status/year=2022/month=2022-11/part-0.parquet,5004,cd987810e7d5e66e01b51efa04d9026fa69614643eb2ff44b80808381ba3cc70
market_status,KRA/parsed/kra_2022/market_status/year=2022/month=2022-12/part-0.parquet,4992,def7e3f3e158f437990e4bd295419a410a6219d17ffecd7c04a7394362eaa022
market_status,KRA/parsed/kra_2023/market_status/year=2023/month=2023-01/part-0.parquet,4328,00fedb785ad4b4d1df7c3b44a1bf4558fcaa8a051a4f93b178215684a65d71ca
market_status,KRA/parsed/kra_2023/market_status/year=2023/month=2023-02/part-0.parquet,5019,cf37c96e53a65d71139f2b0099d67cf77486ead504576a6887ef86e1823fa829
market_status,KRA/parsed/kra_2023/market_status/year=2023/month=2023-03/part-0.parquet,5083,cba4f1aef106d51d2cc1ac7dfbd43c67b31a6829b98370d56f0600f37071ec55
market_status,KRA/parsed/kra_2023/market_status/year=2023/month=2023-04/part-0.parquet,5291,4058d8d1dfc812989fa4da01cf72eb6fb47ac47842305598e7c823f1e3591b5c
market_status,KRA/parsed/kra_2023/market_status/year=2023/month=2023-05/part-0.parquet,4786,ec7e54febf59c258d0a5a8376f2cf7547398b6c85ffb7d572ccaee8f14b4bb72
market_status,KRA/parsed/kra_2023/market_status/year=2023/month=2023-06/part-0.parquet,5085,93c44925d80cee181630e2cc411d675c5ad6e50f9fd7d3ca11afaf5f0317d7f3
market_status,KRA/parsed/kra_2023/market_status/year=2023/month=2023-07/part-0.parquet,5168,d1abb8cd2cc72e88055a1b85bed1d22db66b36c8e9d6057d3e30c5dc88663b78
market_status,KRA/parsed/kra_2023/market_status/year=2023/month=2023-08/part-0.parquet,4691,3da02af56da2c222f58af611d7ea742156773675c92f1e8802d38745def69c5b
market_status,KRA/parsed/kra_2023/market_status/year=2023/month=2023-09/part-0.parquet,4983,0ab1fb573c8399298f0ce2fc8cc12fa32838068aceb06b493acf3146ad1691a8
market_status,KRA/parsed/kra_2023/market_status/year=2023/month=2023-10/part-0.parquet,4890,a4b0bdb5525d3a9deb408c47d46515f922d2843cecb6afef913a5fe7224c2c55
market_status,KRA/parsed/kra_2023/market_status/year=2023/month=2023-11/part-0.parquet,4915,f3b9a44ea8157dda9a90f57bdfb62a5a4b1de4cd6f0ba42861df504def792308
market_status,KRA/parsed/kra_2023/market_status/year=2023/month=2023-12/part-0.parquet,5437,c9329ce448a6a1593141fcc9828d32ffc9ec3c4a5f89db2503b05ee3113a72fb
market_status,KRA/parsed/kra_2024/market_status/year=2024/month=2024-01/part-0.parquet,4958,6cbeb72fbc3342bcdf62d31ad1380197c2a1ecaa5705385df52c24fb6083328d
market_status,KRA/parsed/kra_2024/market_status/year=2024/month=2024-02/part-0.parquet,4360,694d482fa8d12c5190784e6d4232bb97721cd85af1cc1aad0f78e7006dba2b23
market_status,KRA/parsed/kra_2024/market_status/year=2024/month=2024-03/part-0.parquet,5484,75a3f692d2ba044aac08250617a2abe8ebe07845219e712e866e2f137997f9a3
market_status,KRA/parsed/kra_2024/market_status/year=2024/month=2024-04/part-0.parquet,5004,90ef812ce4ea8cd4ff5242ed920f1582df28c634d1cce51ddb321c0d68f8821f
market_status,KRA/parsed/kra_2024/market_status/year=2024/month=2024-05/part-0.parquet,5183,3c1cca6643defc6d29236c1bc710b16e0fa239e41babf5715b32f2464449f582
market_status,KRA/parsed/kra_2024/market_status/year=2024/month=2024-06/part-0.parquet,5371,9b859c3b3942781e4c0403357c5de6fb07208d545df027e954f56dbaba6cbc1c
market_status,KRA/parsed/kra_2024/market_status/year=2024/month=2024-07/part-0.parquet,4823,0e7b3358cb1985680320637334afc666df6b925633233651f29e5a9113c0502f
market_status,KRA/parsed/kra_2024/market_status/year=2024/month=2024-08/part-0.parquet,5032,6b3b7ad8dba3a8975e472bf77cb81c5d39f5299a1982f19433a8fe6e79895663
market_status,KRA/parsed/kra_2024/market_status/year=2024/month=2024-09/part-0.parquet,4572,b11747ef520f7ae517625f0ed41a6ad6936f70368a7f964b6c3560d50be9c066
market_status,KRA/parsed/kra_2024/market_status/year=2024/month=2024-10/part-0.parquet,4944,61209689535398e02cae768aa8720d49cf379a8358179f6f236b293c958483e0
market_status,KRA/parsed/kra_2024/market_status/year=2024/month=2024-11/part-0.parquet,5347,c240c8af5ef2b03f9a6adf9c561f069b471944cfb5937358b5d9912f00648770
market_status,KRA/parsed/kra_2024/market_status/year=2024/month=2024-12/part-0.parquet,5089,d0306a06f9372dd9ca48af176ac25f6f4e075316cae20619ded104a7547c8198
market_status,KRA/parsed/kra_2025/market_status/year=2025/month=2025-01/part-0.parquet,4972,1f4894a3c1fe7125ff283f67a84c81c8759a8b3c9acc36e0a57bdc64ccc06314
market_status,KRA/parsed/kra_2025/market_status/year=2025/month=2025-02/part-0.parquet,4568,5bf51cac52ac357809f265be56b797367ffc42efdabb19e12ae4b9dfa3891f4d
market_status,KRA/parsed/kra_2025/market_status/year=2025/month=2025-03/part-0.parquet,5296,c96ea2be560132cb3e0feaf2fc44700e12e162aef4610322deea4b69d0e77dd6
market_status,KRA/parsed/kra_2025/market_status/year=2025/month=2025-04/part-0.parquet,5005,97372c7284d85ececa6458b8c4e1c8a423c5edba7f75164a020413c243d73ba8
market_status,KRA/parsed/kra_2025/market_status/year=2025/month=2025-05/part-0.parquet,5289,0e99a7fa5346474d136ebe6c4afa4d4c92b52d977d079a10087b98cac4afd1b3
market_status,KRA/parsed/kra_2025/market_status/year=2025/month=2025-06/part-0.parquet,5147,51af0360200bb1078ef5cbf958192238f2279f061d3d6a79509c1d016c246696
market_status,KRA/parsed/kra_2025/market_status/year=2025/month=2025-07/part-0.parquet,4901,e417de15ae9360b74d72d35672997ec4b7c6ed093e17ee488003a7f112310ab6
market_status,KRA/parsed/kra_2025/market_status/year=2025/month=2025-08/part-0.parquet,5290,e9755bb87c9ace33614b9e0e7a037af9c5f7b5702230a14bdabda5e1dcb03540
market_status,KRA/parsed/kra_2025/market_status/year=2025/month=2025-09/part-0.parquet,5055,995257777bc95179b89be30773d572b0a82663b3564a43bcc400f481792a0201
market_status,KRA/parsed/kra_2025/market_status/year=2025/month=2025-10/part-0.parquet,4195,d78200246ed8f8dc1734aa4b995013eca5f20124ec149ab20a7308b183a278c1
market_status,KRA/parsed/kra_2025/market_status/year=2025/month=2025-11/part-0.parquet,5411,5746bd6cdb3ac52abbbab7ec648ac38084bc9f1ce97219444ddf296049e19895
market_status,KRA/parsed/kra_2025/market_status/year=2025/month=2025-12/part-0.parquet,5040,a3a5bfa40f19d51f5481178e694592ecb5c8f470d2982a205ea83389f0b0b252
quinella,KRA/parsed/kra_2016_post/market=quinella/year=2016/month=2016-06/part-0.parquet,39144,fe61cd8edceb104d5036ee2442d8dc7f8a9be8ede70403540e6ee8ed3a6c62ac
quinella,KRA/parsed/kra_2016_post/market=quinella/year=2016/month=2016-07/part-0.parquet,54583,55334c8b3f8028073124f1d780d297161217ce6256729dc075dde2f525126cb8
quinella,KRA/parsed/kra_2016_post/market=quinella/year=2016/month=2016-08/part-0.parquet,46687,6245cd1091ea7e5c7ad303010a5b576c0116e81a82b8f339e116865a0f4b9df7
quinella,KRA/parsed/kra_2016_post/market=quinella/year=2016/month=2016-09/part-0.parquet,53431,024aa7ba273b45f30e2d8dcf187cb0f969b91885de3f2aaea0fa7be4213cff61
quinella,KRA/parsed/kra_2016_post/market=quinella/year=2016/month=2016-10/part-0.parquet,56116,36f951351a63597441b6d9d34e5a0c61e4a984fc0c7e72cdf2abdffa02dfba40
quinella,KRA/parsed/kra_2016_post/market=quinella/year=2016/month=2016-11/part-0.parquet,56046,a47ebfffde52bf62e9f50c2769adb24dd5097afe40f524ea1b9868382d09d89c
quinella,KRA/parsed/kra_2016_post/market=quinella/year=2016/month=2016-12/part-0.parquet,56721,7fe57aa7ad9b3f026588dd70c4cf8b8c444ba69aac8aa68bf0e66e531ce222d2
quinella,KRA/parsed/kra_2017/market=quinella/year=2017/month=2017-01/part-0.parquet,44905,085595fcdfa15c9fc148f3d6991d0eed896f05d5568e849d367c5e8f54ad7807
quinella,KRA/parsed/kra_2017/market=quinella/year=2017/month=2017-02/part-0.parquet,58735,38b8ecdbbe5adc7e0cd4ddc4e99823e87b046e2028f6184dd101dc3f07068e54
quinella,KRA/parsed/kra_2017/market=quinella/year=2017/month=2017-03/part-0.parquet,62208,524345de1bcac02df8c1034252951e78051aefd4a985d75f56a2550ff0cd5579
quinella,KRA/parsed/kra_2017/market=quinella/year=2017/month=2017-04/part-0.parquet,57360,2c94c2b9afe7212b43937205f1a3e9153bf9488da0a05d8b33f583af66517ec9
quinella,KRA/parsed/kra_2017/market=quinella/year=2017/month=2017-05/part-0.parquet,50034,5c93957a6db6d6d2e98b0deb04678e2fa26cb91dac1d4fe9a582405e1bf38882
quinella,KRA/parsed/kra_2017/market=quinella/year=2017/month=2017-06/part-0.parquet,53210,63157baeaf1942a3dfb204c6288c6450ca8bbdca5c050568b251ae2f395e422e
quinella,KRA/parsed/kra_2017/market=quinella/year=2017/month=2017-07/part-0.parquet,49852,87af1b49a555232bb07dd065a3c3542589ea4403d4fd4974d014343159c55ed9
quinella,KRA/parsed/kra_2017/market=quinella/year=2017/month=2017-08/part-0.parquet,44649,b7f38e44d0ce1bc5bf1704c767dd00d7fbeca31feb1ee162ae3bf3686d377a6b
quinella,KRA/parsed/kra_2017/market=quinella/year=2017/month=2017-09/part-0.parquet,56603,40f71710d322fc37cd34eb0b63c73252b4e57e431b0d8ea97f9ab97be347cd88
quinella,KRA/parsed/kra_2017/market=quinella/year=2017/month=2017-10/part-0.parquet,51397,8f86b72ab9415ce8c3476ea78a1abbcf881f6f98317b45895b74b68ae8279497
quinella,KRA/parsed/kra_2017/market=quinella/year=2017/month=2017-11/part-0.parquet,54410,de8de32b3becf28ee9b8073e307e142456c214931508553128bdfd5742f535a4
quinella,KRA/parsed/kra_2017/market=quinella/year=2017/month=2017-12/part-0.parquet,57131,97c11c6d27d8985884703e770b0c977538f4f0c341e215b572c3e9b919ca9bad
quinella,KRA/parsed/kra_2018/market=quinella/year=2018/month=2018-01/part-0.parquet,51198,4b934daf11fbf1571bc02c83dcdefdb6f86ddb63cd1f9faa049b3c7a1d42c258
quinella,KRA/parsed/kra_2018/market=quinella/year=2018/month=2018-02/part-0.parquet,46361,f4a71aaab6f2a41131df4131d2ff807675146e2a0fe690899529a7bfe1948a1c
quinella,KRA/parsed/kra_2018/market=quinella/year=2018/month=2018-03/part-0.parquet,58909,f82662ba057a89c32046c1b3eecf96d89fd9818b0534a75554c50f01e5e93ad8
quinella,KRA/parsed/kra_2018/market=quinella/year=2018/month=2018-04/part-0.parquet,53432,3e4e26c45827efc6cae9dae5f399c0968c18eac9c514bf89c93ede1f180f0ea2
quinella,KRA/parsed/kra_2018/market=quinella/year=2018/month=2018-05/part-0.parquet,49643,54d4b867cc5213833396ad624397a04f3d76e8524a43c65f81706e5a6f585422
quinella,KRA/parsed/kra_2018/market=quinella/year=2018/month=2018-06/part-0.parquet,48319,b2c53bd7ac83dcb1634b1a8061534da3ca1de8302b4b0c8759517083e1cd8794
quinella,KRA/parsed/kra_2018/market=quinella/year=2018/month=2018-07/part-0.parquet,46050,4ea047f2edd32ac51106e44b54facb98525671f00003c93857ae5e442e07871d
quinella,KRA/parsed/kra_2018/market=quinella/year=2018/month=2018-08/part-0.parquet,42460,eeb816ad6646a23e5a31dbfbcc18d85214fe3e85fdb96d7f89ec9e536cb3b3b4
quinella,KRA/parsed/kra_2018/market=quinella/year=2018/month=2018-09/part-0.parquet,47229,9c661c5a9887c137d1b5a4be3fd3ee1bd34498ed553e1b7eddffb936458897a8
quinella,KRA/parsed/kra_2018/market=quinella/year=2018/month=2018-10/part-0.parquet,53948,55a35245d7d07dbd0e3ae9ead7045af1b9de7b43c59e6cf7fa31be42a4f8e47b
quinella,KRA/parsed/kra_2018/market=quinella/year=2018/month=2018-11/part-0.parquet,58649,6c5e23a75afb6f5351757adf0faef1bd23ebd3e691e2d0b7818e8e1a35a12c67
quinella,KRA/parsed/kra_2018/market=quinella/year=2018/month=2018-12/part-0.parquet,57018,100c1e2e2afe2df069002c9ea2305615e380600c8d38adf7cefb48e2fbada438
quinella,KRA/parsed/kra_2019/market=quinella/year=2019/month=2019-01/part-0.parquet,55026,9c4efca0fa290924547f61f7330bff80078fa89e89e3f5fb9a42787ca12d7fda
quinella,KRA/parsed/kra_2019/market=quinella/year=2019/month=2019-02/part-0.parquet,47532,d97bd254829460850c277914edeb3b5a29ecb5769e5d4c79cdd71c4ff614d306
quinella,KRA/parsed/kra_2019/market=quinella/year=2019/month=2019-03/part-0.parquet,67233,253f20dcd9b3a816edbf5c82c2321bbb9039d2c08bd35281c60efb4b32e6f05f
quinella,KRA/parsed/kra_2019/market=quinella/year=2019/month=2019-04/part-0.parquet,55356,2e8d17f44de44f11fd57bf8293454443b58740bdbd07d3a77aa0dc406176c07e
quinella,KRA/parsed/kra_2019/market=quinella/year=2019/month=2019-05/part-0.parquet,55746,aa2e7a05818a80013245a06f6d934a53492ed7000f4229e1b82e51e9978ee3c1
quinella,KRA/parsed/kra_2019/market=quinella/year=2019/month=2019-06/part-0.parquet,53021,c1bda8d6bdb806b805f184d21830dca0827d60154b2e0e293564220afb2baba7
quinella,KRA/parsed/kra_2019/market=quinella/year=2019/month=2019-07/part-0.parquet,44470,93f120b3314a206c4f3dc6833e025073e5b73edf1e174548c1ba89017e22f8c0
quinella,KRA/parsed/kra_2019/market=quinella/year=2019/month=2019-08/part-0.parquet,50450,9988d76d3c5dcf990d4f147197d9866878d8bc387383d0f0d365d9fe0df407fb
quinella,KRA/parsed/kra_2019/market=quinella/year=2019/month=2019-09/part-0.parquet,49726,49f7e85295bb431e416b6506d88d63abbc706c497d540b0326c5ab27837f7dc8
quinella,KRA/parsed/kra_2019/market=quinella/year=2019/month=2019-10/part-0.parquet,54271,5df8f12c534e4e5ff031320a6119f9a259aba9ba70ab8b49df84a196671a2a1e
quinella,KRA/parsed/kra_2019/market=quinella/year=2019/month=2019-11/part-0.parquet,59767,2d5b96e082ddf07fb7a988e86fa936a42f3f86bf0810b01ed8896567ee97c37a
quinella,KRA/parsed/kra_2019/market=quinella/year=2019/month=2019-12/part-0.parquet,57537,d80578253e497d7b1f16149870aea87fbdaefe00f92627a178c4b96e0fa64779
quinella,KRA/parsed/kra_2022/market=quinella/year=2022/month=2022-01/part-0.parquet,55494,e03573ab4d681e0593218fd5fce42d01aeb43bc704a43272bca83ff1fc8cb433
quinella,KRA/parsed/kra_2022/market=quinella/year=2022/month=2022-02/part-0.parquet,50610,ff7b5fff919c0f7eac4d555f3dba70b3efd83dddfcb3e2904ca865ad57d8b506
quinella,KRA/parsed/kra_2022/market=quinella/year=2022/month=2022-03/part-0.parquet,47378,09f73575a0adcb2e55931ecafb9d463ab522792b59a71cfb1d18e52717241174
quinella,KRA/parsed/kra_2022/market=quinella/year=2022/month=2022-04/part-0.parquet,48941,26344c597bd066bbc44ebd67d9db7fadb7c4f0b9d8554011d6a55d97a0b71a5c
quinella,KRA/parsed/kra_2022/market=quinella/year=2022/month=2022-05/part-0.parquet,45647,1fb63694d863bc9885b7548280e31b10332698610dcb06491fb6526b4f700c0a
quinella,KRA/parsed/kra_2022/market=quinella/year=2022/month=2022-06/part-0.parquet,44436,dd94374674a616a35a6d9e1bde68ba2968f6fea94835131f911ca64a1f8a76c2
quinella,KRA/parsed/kra_2022/market=quinella/year=2022/month=2022-07/part-0.parquet,42910,0f3eaf935b2dfe69eb708d494ad731516cd50b86819fdf29e82fe488a34f894e
quinella,KRA/parsed/kra_2022/market=quinella/year=2022/month=2022-08/part-0.parquet,37849,9548e5101a40ba86df23331d48a018727af6bf4db8c9d42eb209f5fa8f1df71e
quinella,KRA/parsed/kra_2022/market=quinella/year=2022/month=2022-09/part-0.parquet,42661,b6382431b22107f583b89d537b1019321ff18f96209ea6e6d46f0defc7ea3d6d
quinella,KRA/parsed/kra_2022/market=quinella/year=2022/month=2022-10/part-0.parquet,54260,ab0bfe56861593230e0f3424f4f5d2bf34276cafe56b3d56f31fe54c2c7f2f33
quinella,KRA/parsed/kra_2022/market=quinella/year=2022/month=2022-11/part-0.parquet,49791,a3ae233d1ef54d25131bba78f7cafbe3fd68d1cf99af1938862606c12fed0eb3
quinella,KRA/parsed/kra_2022/market=quinella/year=2022/month=2022-12/part-0.parquet,50516,67c7b1ddee8e01f2db202f2254b94bbc38c80f7b6a5162716a0d7c08f913279f
quinella,KRA/parsed/kra_2023/market=quinella/year=2023/month=2023-01/part-0.parquet,41720,af7a52d78834175160d8b4c2f8b1345926436e374ab3592f06dc8f3adfb2ea84
quinella,KRA/parsed/kra_2023/market=quinella/year=2023/month=2023-02/part-0.parquet,49689,3f382f94994cd0ce993eb37a8bc9107bdedfa6dfc0aba98e1d2bd2de532151b2
quinella,KRA/parsed/kra_2023/market=quinella/year=2023/month=2023-03/part-0.parquet,47867,98fc0717ae62c393c7cca17790f956dc3514b3ec48290efffba4500a744a4ff5
quinella,KRA/parsed/kra_2023/market=quinella/year=2023/month=2023-04/part-0.parquet,47728,9afe4baabdaab4768c5db219e648d67db289f2970a6dae865ad64ae9ed0dd3a8
quinella,KRA/parsed/kra_2023/market=quinella/year=2023/month=2023-05/part-0.parquet,39556,2300203722002fe5be0f4f78efbd3cc44ae25405a0867e892fdae6a6357e7ac0
quinella,KRA/parsed/kra_2023/market=quinella/year=2023/month=2023-06/part-0.parquet,44091,248d0542ad1ed4186227f521a27fa411d946b74f8a0f69bfde6cb05da84b396b
quinella,KRA/parsed/kra_2023/market=quinella/year=2023/month=2023-07/part-0.parquet,42545,26a358eaece5771ef28e0a392c58a24569bd65e3a33c10b454b730b530a46c73
quinella,KRA/parsed/kra_2023/market=quinella/year=2023/month=2023-08/part-0.parquet,40314,a6149a0bf469201de8601da93dcfdc67f4ebb685bc13f35a9d56948645f390f3
quinella,KRA/parsed/kra_2023/market=quinella/year=2023/month=2023-09/part-0.parquet,42883,9343b4fc071d19dae155b12bb0957107ce6867703285f8107029d9c289beeb18
quinella,KRA/parsed/kra_2023/market=quinella/year=2023/month=2023-10/part-0.parquet,44938,6238f12132af842dec583705299451edce1ebaf195056711247a08206d318cd6
quinella,KRA/parsed/kra_2023/market=quinella/year=2023/month=2023-11/part-0.parquet,45696,a5d4ce08efc2ddab36a47756d09fd88f7b2b2caf34b5919fe5fc8bc539a245f1
quinella,KRA/parsed/kra_2023/market=quinella/year=2023/month=2023-12/part-0.parquet,51558,5b73b38184dfef7ffbaef555f575fb5209193431342557d689c5d73daeb8f2a6
quinella,KRA/parsed/kra_2024/market=quinella/year=2024/month=2024-01/part-0.parquet,41554,af2ab5fcb37763053ff2278fbaf95266599191a6587441f9ba162caf132341db
quinella,KRA/parsed/kra_2024/market=quinella/year=2024/month=2024-02/part-0.parquet,39726,723cc1825b2f9aa0f184d603cbf50f1a93070ad3c5053c07027ebd80da6cd4ad
quinella,KRA/parsed/kra_2024/market=quinella/year=2024/month=2024-03/part-0.parquet,54211,b05f31de1dd9a6bb0d15e172c18eb7e0a605d1a177c17849c65872e92b8112a1
quinella,KRA/parsed/kra_2024/market=quinella/year=2024/month=2024-04/part-0.parquet,43954,3b30981f01f076829ee2e088496dffe7c719052a954d5cc913a884e04d9f959d
quinella,KRA/parsed/kra_2024/market=quinella/year=2024/month=2024-05/part-0.parquet,46508,f8dfa028235b5c2e26d2ef56398a3e35984f91f48f30449fa8f8d777267b64b1
quinella,KRA/parsed/kra_2024/market=quinella/year=2024/month=2024-06/part-0.parquet,43846,ba3b54f92bda51c1734b42e07d9783667d5e71ab0de0241fcb018b1005ed99de
quinella,KRA/parsed/kra_2024/market=quinella/year=2024/month=2024-07/part-0.parquet,37564,a64b38e0969e83716224a094b9fe066a06373f50d54512a0d7287d8b1eb8f16c
quinella,KRA/parsed/kra_2024/market=quinella/year=2024/month=2024-08/part-0.parquet,38699,f47ff39ed15d92624897bda2627f11be90746be959d234df077f21a50ed2082f
quinella,KRA/parsed/kra_2024/market=quinella/year=2024/month=2024-09/part-0.parquet,38905,c92533e742907eaaadca4e89f25bfd4853bcc77a0307e9c1e496c3fdae19fb98
quinella,KRA/parsed/kra_2024/market=quinella/year=2024/month=2024-10/part-0.parquet,42741,acdce070f202818ed1f5e5b0ba9b8e6fd7b324d3a509b2094a468f1f07dfa964
quinella,KRA/parsed/kra_2024/market=quinella/year=2024/month=2024-11/part-0.parquet,48928,80c9a8381ef28443e426bc8941f40b395007bad9eed6d76e9055d8af32f58716
quinella,KRA/parsed/kra_2024/market=quinella/year=2024/month=2024-12/part-0.parquet,49731,67ca3807c8338f619982df06268df185ef92cfdd1d0f39e1e800c0ee1290f4c2
quinella,KRA/parsed/kra_2025/market=quinella/year=2025/month=2025-01/part-0.parquet,45355,a81f3e4aee0b59e7753e8831da0cb1e86845cb29c6be482a340a3c399dbb1f48
quinella,KRA/parsed/kra_2025/market=quinella/year=2025/month=2025-02/part-0.parquet,39689,6b8b280f3a46d34e05991fc5a7250207c2485895635efddbb4495fa56454e71a
quinella,KRA/parsed/kra_2025/market=quinella/year=2025/month=2025-03/part-0.parquet,51873,4fc1c6c9b6d3ed564e78e537ccd77c4d2b25a224e3af8333670d8016b11a7990
quinella,KRA/parsed/kra_2025/market=quinella/year=2025/month=2025-04/part-0.parquet,47923,40275d98d5056860d64007037488eaa41ab8772e5b32ff5a769e1318c7d7d3a2
quinella,KRA/parsed/kra_2025/market=quinella/year=2025/month=2025-05/part-0.parquet,45012,863d8e668d5eb374c4fe74b847aa4caf08fef957057ae59080c9febe59615676
quinella,KRA/parsed/kra_2025/market=quinella/year=2025/month=2025-06/part-0.parquet,42484,c595b210a64cb94d5e4696ed9dc48f57d663a8e606dfdbfa4c68707233994fb2
quinella,KRA/parsed/kra_2025/market=quinella/year=2025/month=2025-07/part-0.parquet,37453,cbfdc5f1c8c11f136d98dc504d01520ca9c31462d4ebf319617b24378c52de35
quinella,KRA/parsed/kra_2025/market=quinella/year=2025/month=2025-08/part-0.parquet,41926,ef76eda37f9f5208c78f3fef602e9d9fc275a6534df0ed9c29aecd7835ab5eb6
quinella,KRA/parsed/kra_2025/market=quinella/year=2025/month=2025-09/part-0.parquet,42197,7833d228be2d5830d4fe2e9c457b058e1f6772ee78c95455767e972abcdc2fe4
quinella,KRA/parsed/kra_2025/market=quinella/year=2025/month=2025-10/part-0.parquet,36562,3f32f78aa6ac85aee8e5ba944bf1f9d3f5402cee0d90c9188b98d5e88bbdb8ae
quinella,KRA/parsed/kra_2025/market=quinella/year=2025/month=2025-11/part-0.parquet,55700,d727744d6640b17af3fa762e626cacc5b7430bb862c54e6427ddbbad5abf416b
quinella,KRA/parsed/kra_2025/market=quinella/year=2025/month=2025-12/part-0.parquet,47915,6407f258020839f0baddd0483c2b6319c31f63d3c4df3ed632f728387137ca71
trifecta,KRA/parsed/kra_2016_post/market=trifecta/year=2016/month=2016-06/part-0.parquet,458393,676b4a74c00de261c6d121ed61659d09751d014fceacec2bae01e968e0afb41d
trifecta,KRA/parsed/kra_2016_post/market=trifecta/year=2016/month=2016-07/part-0.parquet,670537,beb1076da025b10802a1c77be92da8818e09a03970d5712a8babff15dee9f7a1
trifecta,KRA/parsed/kra_2016_post/market=trifecta/year=2016/month=2016-08/part-0.parquet,579036,ef18ec2f22f629bc916f8c10afd2e06844c503bbc57e6bcae0d2f17cf03ba230
trifecta,KRA/parsed/kra_2016_post/market=trifecta/year=2016/month=2016-09/part-0.parquet,656583,d010988537e3cf95b52a3a2a2dae8681a9521004e3664ded5f0985b7bc294437
trifecta,KRA/parsed/kra_2016_post/market=trifecta/year=2016/month=2016-10/part-0.parquet,703359,b665eea6d5339a0afb963e32611f9c46285ebe0cc46e4299377cd7a9f7f2e323
trifecta,KRA/parsed/kra_2016_post/market=trifecta/year=2016/month=2016-11/part-0.parquet,665621,eeebc12be15bbbc3dcbe15c624694eebb66cc24f162a97d8d98771206d524285
trifecta,KRA/parsed/kra_2016_post/market=trifecta/year=2016/month=2016-12/part-0.parquet,715277,41db88b8a0cf1c131d7929c9d78860d3fd3472e040a9d70f004cd7341b46a38f
trifecta,KRA/parsed/kra_2017/market=trifecta/year=2017/month=2017-01/part-0.parquet,592300,b63074111dd4d8116dae1d383d3ed589a51f35c1e51cadef14aefec2d28a8fb2
trifecta,KRA/parsed/kra_2017/market=trifecta/year=2017/month=2017-02/part-0.parquet,754251,49e7accb49f14c53a9591da6bf948ad5bbc18e062412ffb2f7804aa7d51414cb
trifecta,KRA/parsed/kra_2017/market=trifecta/year=2017/month=2017-03/part-0.parquet,762391,3c1c2a756aea48d7a13eb6798e5146aba658c24cee4ae7f1b258b144b68708b9
trifecta,KRA/parsed/kra_2017/market=trifecta/year=2017/month=2017-04/part-0.parquet,741149,1040d65c77273e0a05db748690b75d186b33927e9923588541d7f95d3bb99e06
trifecta,KRA/parsed/kra_2017/market=trifecta/year=2017/month=2017-05/part-0.parquet,648861,b37709c951877514596c9ea975ee8704525509ef3ab3debe79baac3f99c71598
trifecta,KRA/parsed/kra_2017/market=trifecta/year=2017/month=2017-06/part-0.parquet,685671,58ac8ddff0be588beac73adef96a9ac06e750fb46a5e8078022a8af0afb0bc80
trifecta,KRA/parsed/kra_2017/market=trifecta/year=2017/month=2017-07/part-0.parquet,659592,018e069725237817c0e49d7f174ce8d014357e178d41efe15212d15226023506
trifecta,KRA/parsed/kra_2017/market=trifecta/year=2017/month=2017-08/part-0.parquet,582445,bd56e00159eb02f8587d3a9b27c896741f86c4d5d3f495227be0f5bdeff16d1a
trifecta,KRA/parsed/kra_2017/market=trifecta/year=2017/month=2017-09/part-0.parquet,726042,ab62b32e241180475a91cb0fc9e1f734dc2dba7df8b2995b0c87365a2fc1f019
trifecta,KRA/parsed/kra_2017/market=trifecta/year=2017/month=2017-10/part-0.parquet,640231,ded9db88be7f416e98beba59930360598956846e51d0cb5cd9c444e80bcc7137
trifecta,KRA/parsed/kra_2017/market=trifecta/year=2017/month=2017-11/part-0.parquet,694242,d9fc2e59e9db4aa4cee1911d7367723c205f06e477afcde138ce60c9f68eb755
trifecta,KRA/parsed/kra_2017/market=trifecta/year=2017/month=2017-12/part-0.parquet,782611,191779a90827a884df5ae3fcaaf9a8427c57f74784a594aaf887d5827ccf7725
trifecta,KRA/parsed/kra_2018/market=trifecta/year=2018/month=2018-01/part-0.parquet,684261,cae1b1feaf0660de8aa8848856e3072fbf9286262c8741309d495e3866ffa55a
trifecta,KRA/parsed/kra_2018/market=trifecta/year=2018/month=2018-02/part-0.parquet,613361,9afdd158bd1f37365f2b602d643036f96ca53e71a0b7132d08c45e77be5600f8
trifecta,KRA/parsed/kra_2018/market=trifecta/year=2018/month=2018-03/part-0.parquet,812126,4ecf2d4c2f00739fe56654bfc14fb157e9824feac884003ac295cc6397c7b070
trifecta,KRA/parsed/kra_2018/market=trifecta/year=2018/month=2018-04/part-0.parquet,715534,3fd44c40727e228c80041bdd5a4f9f347a3e608d5062166dbe7f434618d415c2
trifecta,KRA/parsed/kra_2018/market=trifecta/year=2018/month=2018-05/part-0.parquet,669182,0250810ebcfe59d328fe64cf00faff3ec8887a089f5dc9fbb5247068e1514c14
trifecta,KRA/parsed/kra_2018/market=trifecta/year=2018/month=2018-06/part-0.parquet,624533,997ce60e41d54b501d18615fffacb865798eb105ab05400fa4fa8f6bfb38b483
trifecta,KRA/parsed/kra_2018/market=trifecta/year=2018/month=2018-07/part-0.parquet,622159,725ffd3b76f24373d0f425ef7f1470f808d5ca4fd91de728445fa5483ef1c15b
trifecta,KRA/parsed/kra_2018/market=trifecta/year=2018/month=2018-08/part-0.parquet,585020,6e692d9ca39b1cb794429ea75654e0ee5fe6ba38371fd90cef4a2ad1bea8b7bf
trifecta,KRA/parsed/kra_2018/market=trifecta/year=2018/month=2018-09/part-0.parquet,631133,fa9d54f8487817ce784205c6ddddf572746e9524325f00fde44d4789065168fa
trifecta,KRA/parsed/kra_2018/market=trifecta/year=2018/month=2018-10/part-0.parquet,713773,842b39fd6fb017a3d7df98d57ea7ebf436124bddc51d21faba9aeb17694766f4
trifecta,KRA/parsed/kra_2018/market=trifecta/year=2018/month=2018-11/part-0.parquet,749005,dcfe8be8ab5324c41aff03d81e6db75a40f01ca5a411803458fd405e35711061
trifecta,KRA/parsed/kra_2018/market=trifecta/year=2018/month=2018-12/part-0.parquet,745356,f659b123d4c2a7798546baba2752963157954a767585a4eb4dc0bd1426b8d490
trifecta,KRA/parsed/kra_2019/market=trifecta/year=2019/month=2019-01/part-0.parquet,724448,15ad78514afea40795079a69217a493b4039145ff71d2f1e7071520c530c0621
trifecta,KRA/parsed/kra_2019/market=trifecta/year=2019/month=2019-02/part-0.parquet,643679,abc4d5774a803fef24eda97ff0dbaf352ee1fde1a97f173f1ef9a0a1ae2b9490
trifecta,KRA/parsed/kra_2019/market=trifecta/year=2019/month=2019-03/part-0.parquet,889661,fceffdf49ecce87362d5d896825425c6a38de832f8edf239f17e36cb0db377a2
trifecta,KRA/parsed/kra_2019/market=trifecta/year=2019/month=2019-04/part-0.parquet,720700,cf730748efc50f36640c612c95b4b763813df349408df2b038fd3eee4cea1734
trifecta,KRA/parsed/kra_2019/market=trifecta/year=2019/month=2019-05/part-0.parquet,746693,044b9f108ff3b022799b4669413ef14dcbb85b368df8ecd4d61fb9c488120f1d
trifecta,KRA/parsed/kra_2019/market=trifecta/year=2019/month=2019-06/part-0.parquet,721987,adc7fc79062abed28ee33a088805f692ba13478272781d8e0bfb95c76e1129ad
trifecta,KRA/parsed/kra_2019/market=trifecta/year=2019/month=2019-07/part-0.parquet,600339,887bbf1c48d4c8dd691590847949fb03186929dafdb579910670c6f379fcfc6e
trifecta,KRA/parsed/kra_2019/market=trifecta/year=2019/month=2019-08/part-0.parquet,665723,c92b0662225857389bc1d332f68e5b8a3c87665343e56a205e1247757a57b5a7
trifecta,KRA/parsed/kra_2019/market=trifecta/year=2019/month=2019-09/part-0.parquet,668814,63557e5fe98fb4b2e7918dabf060a9264dd75a94f29cd44484b25a4947473f91
trifecta,KRA/parsed/kra_2019/market=trifecta/year=2019/month=2019-10/part-0.parquet,679183,fefbfa243694a1bdd70b5b46c77ee29d953f0f6af39debf48bf82affd3a50b39
trifecta,KRA/parsed/kra_2019/market=trifecta/year=2019/month=2019-11/part-0.parquet,728663,4b905c484e866f9841a78d480109e3891ff0aab433d78a5baf8b06d47b6e33b9
trifecta,KRA/parsed/kra_2019/market=trifecta/year=2019/month=2019-12/part-0.parquet,710980,13408d9a611dc44f412489a662dabab012c99a54b69e1afe9a32d9bd8193312a
trifecta,KRA/parsed/kra_2022/market=trifecta/year=2022/month=2022-01/part-0.parquet,784354,82e01ecd5d4cb7f90d87a9fdb8fe6d37c115b714f3b8e2e5fca47142cb00a106
trifecta,KRA/parsed/kra_2022/market=trifecta/year=2022/month=2022-02/part-0.parquet,636313,2c24cd5db917feddfee3a4a816da21496df505996d659fb42879a82f6be22d54
trifecta,KRA/parsed/kra_2022/market=trifecta/year=2022/month=2022-03/part-0.parquet,617974,ffb77baf761f5b82daa5f39cb78865afb5d22141124d433e8b7139e16b5feaf7
trifecta,KRA/parsed/kra_2022/market=trifecta/year=2022/month=2022-04/part-0.parquet,682781,b3aaafefed8862b57e263595f410af5f165d9916d27f3b3246ec1a21fd7be7db
trifecta,KRA/parsed/kra_2022/market=trifecta/year=2022/month=2022-05/part-0.parquet,627714,2aa4890533ef85cb69ec63763c076e55cbb5c85531c98004ff6be500e155b7ce
trifecta,KRA/parsed/kra_2022/market=trifecta/year=2022/month=2022-06/part-0.parquet,611834,57e3fc88f59ac5210c77209e597c9f6b9277e0703bbbfa7aa09dc09282e8ad6a
trifecta,KRA/parsed/kra_2022/market=trifecta/year=2022/month=2022-07/part-0.parquet,611674,297cb1562025844cdeed8573936fbc11d688d2d9c139b8cb1d1efdf199815cfb
trifecta,KRA/parsed/kra_2022/market=trifecta/year=2022/month=2022-08/part-0.parquet,564606,f105eb39f6efa48e92a37901fe010862de7b7beab36ac9ebe72c080c8fe53f79
trifecta,KRA/parsed/kra_2022/market=trifecta/year=2022/month=2022-09/part-0.parquet,589082,90887f627ce178a790733f92241edcfd0f3591411a97a1f8a2844ccf41704c12
trifecta,KRA/parsed/kra_2022/market=trifecta/year=2022/month=2022-10/part-0.parquet,776984,7879608ab651a930e1ef1c23fe449e586092111bbcf50f67f2eaa8d06040d241
trifecta,KRA/parsed/kra_2022/market=trifecta/year=2022/month=2022-11/part-0.parquet,710595,a15c5ccdf93c78f75f05ffacd885f876c5469bc5348d9d54d17791670d0643c0
trifecta,KRA/parsed/kra_2022/market=trifecta/year=2022/month=2022-12/part-0.parquet,715824,38c2c9a7844c012ff7639493c43508c97fc2646598872ad022117ed218795e40
trifecta,KRA/parsed/kra_2023/market=trifecta/year=2023/month=2023-01/part-0.parquet,607222,36eb8db50911e70ec2de3bd897ad86bdd0e5a10628c9380101ebc3cfb5fe32ca
trifecta,KRA/parsed/kra_2023/market=trifecta/year=2023/month=2023-02/part-0.parquet,726957,19253ca03b650b46bc1b9b7b91cc8138f27850eff088731bae66768ee93dd446
trifecta,KRA/parsed/kra_2023/market=trifecta/year=2023/month=2023-03/part-0.parquet,704472,5e8abf8e96070cac696e43920dbc826125cf3bcd03a2607a599b53f885260285
trifecta,KRA/parsed/kra_2023/market=trifecta/year=2023/month=2023-04/part-0.parquet,683774,1f69aeda6573d532ff7cabc12f781a392b6aec7f5222c11b05141e770aa6e0c6
trifecta,KRA/parsed/kra_2023/market=trifecta/year=2023/month=2023-05/part-0.parquet,571391,39e4eb49eac4f560069d7d72dc3bb67444405add2fe310ba66a55657a19b553a
trifecta,KRA/parsed/kra_2023/market=trifecta/year=2023/month=2023-06/part-0.parquet,651031,007fa30c96f4255c681786e21c96936ef9420f85e57fd72cba7c7a8f58cab812
trifecta,KRA/parsed/kra_2023/market=trifecta/year=2023/month=2023-07/part-0.parquet,630179,b40ebd893b4d7f066e528c17d4f39f925c5c0c80456c5c5faa2164e99a503bd2
trifecta,KRA/parsed/kra_2023/market=trifecta/year=2023/month=2023-08/part-0.parquet,582549,5994f0ace866be971f478153417160b97aa3a70a4d8445f52463ccbe4e550dd9
trifecta,KRA/parsed/kra_2023/market=trifecta/year=2023/month=2023-09/part-0.parquet,611802,9aaca3ad797449d10052f0fd8464af24806cc81375564e68f8b08bd489152371
trifecta,KRA/parsed/kra_2023/market=trifecta/year=2023/month=2023-10/part-0.parquet,627204,b61d5e5e39cf13e97656a5f9d9c24eedbae65a860d21a06356fd443f8d755894
trifecta,KRA/parsed/kra_2023/market=trifecta/year=2023/month=2023-11/part-0.parquet,629414,8c3fa0c3a3b1bd83a351d02171f2ed1a86194895ef6f15e28c98153a07880522
trifecta,KRA/parsed/kra_2023/market=trifecta/year=2023/month=2023-12/part-0.parquet,733764,8210b8208cfc8215aa2559b50f350c19ca04c93c2fa3bb70f559ea3067c0407e
trifecta,KRA/parsed/kra_2024/market=trifecta/year=2024/month=2024-01/part-0.parquet,612766,d6422fb2de5413724f897146f2c3b51a5650397baa3a8e44829f08af51b650e6
trifecta,KRA/parsed/kra_2024/market=trifecta/year=2024/month=2024-02/part-0.parquet,584085,2b37c6ef9e5084036b5b37f9cb871d2e07ff054430fcf67022bc654983ac3a9e
trifecta,KRA/parsed/kra_2024/market=trifecta/year=2024/month=2024-03/part-0.parquet,799090,5393383e3b078ebebe5a8b92a46c63d91ff58426115f972e50cf55055c7df4ff
trifecta,KRA/parsed/kra_2024/market=trifecta/year=2024/month=2024-04/part-0.parquet,645268,5b394ae69aad49c51926611c6df779d4db9a95a4661f6796f597191a0b14a1c5
trifecta,KRA/parsed/kra_2024/market=trifecta/year=2024/month=2024-05/part-0.parquet,643082,688dc80fe5fe28aa08bd045f4b60b70c175800432f67000eb5f1c8d8f725e5b0
trifecta,KRA/parsed/kra_2024/market=trifecta/year=2024/month=2024-06/part-0.parquet,640326,7f78dd391e8a5afc4d1b4aa181df4758dc2f2b99d5916e11c8c05daf37cc21f9
trifecta,KRA/parsed/kra_2024/market=trifecta/year=2024/month=2024-07/part-0.parquet,563388,2f9de5ee39c10cceec029c2b3e08d1ad41e1508478ec620e5a31d355e04b32f2
trifecta,KRA/parsed/kra_2024/market=trifecta/year=2024/month=2024-08/part-0.parquet,576783,a7ff9c0e6cd9c326d69247e9a96d089c2c9171d5037953f5e9d814aca63af210
trifecta,KRA/parsed/kra_2024/market=trifecta/year=2024/month=2024-09/part-0.parquet,581768,ab762d236937f7d39fe33b56f4b9f7083c1521306df860b16c8a45ba83c324ad
trifecta,KRA/parsed/kra_2024/market=trifecta/year=2024/month=2024-10/part-0.parquet,627126,2b59d7e13c6b7d6bf03d72bcc6a4ba8173dc968f8b580116c73c12c15d9e189f
trifecta,KRA/parsed/kra_2024/market=trifecta/year=2024/month=2024-11/part-0.parquet,692928,029e8aec8bfdd560e82df3169a12c9918d2aacf92b63096844568bf0e0c1f9c3
trifecta,KRA/parsed/kra_2024/market=trifecta/year=2024/month=2024-12/part-0.parquet,725550,245d7abb864de61a30fe69d5c1be282ee9010f53fac99935d760fceeb54c5470
trifecta,KRA/parsed/kra_2025/market=trifecta/year=2025/month=2025-01/part-0.parquet,693838,f91b4e60d5fcf90187533badaf533bcbad41d3197d24441a5288a94c2c505f53
trifecta,KRA/parsed/kra_2025/market=trifecta/year=2025/month=2025-02/part-0.parquet,614778,ba927f5691f71e5ec5e2a96a2f21f6d906ba12df618204cbeb5ddcd00142d029
trifecta,KRA/parsed/kra_2025/market=trifecta/year=2025/month=2025-03/part-0.parquet,781156,8c3914f13f6b0762404ed81cba4be5884807a520f6185fec701013f4c0c99748
trifecta,KRA/parsed/kra_2025/market=trifecta/year=2025/month=2025-04/part-0.parquet,680254,94c30a0376b7e90788e26f7061da68b28ae91015942def4369aea0c58909487b
trifecta,KRA/parsed/kra_2025/market=trifecta/year=2025/month=2025-05/part-0.parquet,657574,1a76f83053ffe387a036625c30ba7ec8c32f622756fb6a70204a2a413636a37d
trifecta,KRA/parsed/kra_2025/market=trifecta/year=2025/month=2025-06/part-0.parquet,624130,29da23583f6f2424e59b0a2e339ac8bb7143c0163c1845a1db4d5b443a7e67d0
trifecta,KRA/parsed/kra_2025/market=trifecta/year=2025/month=2025-07/part-0.parquet,554376,476aa3c62cad528dff5d1370bf64d8f10675739981dfffa72b331ed7e66e2333
trifecta,KRA/parsed/kra_2025/market=trifecta/year=2025/month=2025-08/part-0.parquet,624983,95fb7d0f3329bee3e7d70a4601acdc10a6097d3fa2b2d5656d3c3898ee609339
trifecta,KRA/parsed/kra_2025/market=trifecta/year=2025/month=2025-09/part-0.parquet,629139,3aebe4f23e2b20d87b96ca80dae1472519c4fd26e683c11dbd80f2beb8f05c8c
trifecta,KRA/parsed/kra_2025/market=trifecta/year=2025/month=2025-10/part-0.parquet,507599,7553a4c647d41df5ed044ee93fe36815342af105600e6656fded0a26c68a419e
trifecta,KRA/parsed/kra_2025/market=trifecta/year=2025/month=2025-11/part-0.parquet,778224,150143fa2936297ae58666d73bd4fd22bc4db4616836ed36254d9b90254082cc
trifecta,KRA/parsed/kra_2025/market=trifecta/year=2025/month=2025-12/part-0.parquet,684920,704e5a6f5173b18ef9573f97fb8547ed415b46dbeb426a4a540e87d276b4f47a
trio,KRA/parsed/kra_2016_post/market=trio/year=2016/month=2016-06/part-0.parquet,110618,016c1c6eec236e79aab11dbf5e210544425ad9c886f7691c4f70ec09e781fa2a
trio,KRA/parsed/kra_2016_post/market=trio/year=2016/month=2016-07/part-0.parquet,150682,c58a550f1453342b6b653a1b6d397e89fbb809a12840bbbc25067287b4ec3840
trio,KRA/parsed/kra_2016_post/market=trio/year=2016/month=2016-08/part-0.parquet,135664,9783ceb7bb5d00fbbe20cba3e623a38aaa72c20d6b52090fbb01abc014986bbc
trio,KRA/parsed/kra_2016_post/market=trio/year=2016/month=2016-09/part-0.parquet,169953,38fa12164cb1a6710c6647c152604b533ac8bef0d40dd45e89df88e070651dc6
trio,KRA/parsed/kra_2016_post/market=trio/year=2016/month=2016-10/part-0.parquet,165040,06bd8edbecc43d004d089387c0606216aa99be172e4ca3c65fe150c51ac7d264
trio,KRA/parsed/kra_2016_post/market=trio/year=2016/month=2016-11/part-0.parquet,163599,f509b93e61cf25e5397ca2f8d04167c5b23ae28a2429ed67b454a15ec454d6b4
trio,KRA/parsed/kra_2016_post/market=trio/year=2016/month=2016-12/part-0.parquet,169691,e5ec74200a95606228d6d23a6b42899736cbe144293b04fdc499b93ae090c407
trio,KRA/parsed/kra_2017/market=trio/year=2017/month=2017-01/part-0.parquet,138279,fdd1af10402f854416e99551de1df90a46dbb2312435f3ab15ac7fe8fcb0ee10
trio,KRA/parsed/kra_2017/market=trio/year=2017/month=2017-02/part-0.parquet,183424,50fa01cf81f1a60cdf0cb416c186abe484abb6a5297798efbc15ddab712424ce
trio,KRA/parsed/kra_2017/market=trio/year=2017/month=2017-03/part-0.parquet,192420,98419c5a6860a57b2e0e044cb52493909ea87f66173a42d5674c572165f1cfa8
trio,KRA/parsed/kra_2017/market=trio/year=2017/month=2017-04/part-0.parquet,168168,7ff2b505e4932a03f6445bb442d14154f9f550abafafa0ce0c33f710a353ed02
trio,KRA/parsed/kra_2017/market=trio/year=2017/month=2017-05/part-0.parquet,146185,cdd9ffebb64a4881911f693351a4a611a6746f048a82526ced526c310881b410
trio,KRA/parsed/kra_2017/market=trio/year=2017/month=2017-06/part-0.parquet,152520,c7fdc2fe50ec94a95f1671b5feb87f0e45f9840a6874d67551f7e0a3c8c149df
trio,KRA/parsed/kra_2017/market=trio/year=2017/month=2017-07/part-0.parquet,140106,12a2701ea527ed651ea4501ea28d2fae5916617429224faab2d376a4a109c2ac
trio,KRA/parsed/kra_2017/market=trio/year=2017/month=2017-08/part-0.parquet,128400,fa72d3255aab46ef4b6c03f302bec5c37ae6a20640cc89aed5a964491255b2c3
trio,KRA/parsed/kra_2017/market=trio/year=2017/month=2017-09/part-0.parquet,166441,3db662e83bdbf5670c5ebcff6519ee1875734ce5f196e529a90ac1330894a6bb
trio,KRA/parsed/kra_2017/market=trio/year=2017/month=2017-10/part-0.parquet,162204,c904492a1d599172fe793a9f4e7ae9d5785fad5d117844ccc5df9f462e04afab
trio,KRA/parsed/kra_2017/market=trio/year=2017/month=2017-11/part-0.parquet,163627,81d96edd89562d9a985fad93fd0a4fc564ff3274cfbc8031ab49dec3c9ea167e
trio,KRA/parsed/kra_2017/market=trio/year=2017/month=2017-12/part-0.parquet,173904,7c4b25da41f718652ade2a3bb96042f7a7619642e17dbbbda67816a5d414ef6d
trio,KRA/parsed/kra_2018/market=trio/year=2018/month=2018-01/part-0.parquet,154220,185b2df17abcde834c0abfc84b6243c4ae86bd2076b4c7d6c3a77e82684649f5
trio,KRA/parsed/kra_2018/market=trio/year=2018/month=2018-02/part-0.parquet,142884,dfa8d674e4b34dd5a90d99dba53a50533f30a2f61a4f9d7984a0c28fbcc7a927
trio,KRA/parsed/kra_2018/market=trio/year=2018/month=2018-03/part-0.parquet,177549,158c3821c4e343a826312aca88a1d1005e1a6a0efd598c85a0100d9a95185ad8
trio,KRA/parsed/kra_2018/market=trio/year=2018/month=2018-04/part-0.parquet,160132,8901215440a18e8e353de6a09fcb55a1be161ea5fa31521c910ab55a4550e74d
trio,KRA/parsed/kra_2018/market=trio/year=2018/month=2018-05/part-0.parquet,145087,dd0fa10f7cd6178fc656503822bbb2ff0a95462c819e6e62899ff10cfffd08f1
trio,KRA/parsed/kra_2018/market=trio/year=2018/month=2018-06/part-0.parquet,129393,369af60a5c732eabc4201f067c3795c3aba59801e5e20d0274a07bcfe9bd56f6
trio,KRA/parsed/kra_2018/market=trio/year=2018/month=2018-07/part-0.parquet,127653,b7e33693f49d7cc910fdaa7891321ebf0d5c90d4239e03a1c46baa49c6371968
trio,KRA/parsed/kra_2018/market=trio/year=2018/month=2018-08/part-0.parquet,119994,ab4fa479e02f63125a9fc46d249ff54e3031c4a93bf304a63a53c2b83cf180c7
trio,KRA/parsed/kra_2018/market=trio/year=2018/month=2018-09/part-0.parquet,137389,e29e973e1ad632c1fcf07f55e01979980cd810ef67ec79fe104015c694739024
trio,KRA/parsed/kra_2018/market=trio/year=2018/month=2018-10/part-0.parquet,162532,a4acadc0f23ec0d544b815780e95ec66d6b3e6fa7b530692b731024189167b3f
trio,KRA/parsed/kra_2018/market=trio/year=2018/month=2018-11/part-0.parquet,177504,0094e7eec14a521b8b7d1d2705aefbead35f59b996f4b0654d078a044aa19af4
trio,KRA/parsed/kra_2018/market=trio/year=2018/month=2018-12/part-0.parquet,174817,a3de3bf2fcec280fbd6d6e85e285706b06d216b46e2bc5f4405a796adcf4d5a3
trio,KRA/parsed/kra_2019/market=trio/year=2019/month=2019-01/part-0.parquet,170917,379015524e5d641e61a2b5c310861fe1666c316480913a9f9c207abc88c29435
trio,KRA/parsed/kra_2019/market=trio/year=2019/month=2019-02/part-0.parquet,149195,007a92c9bf23580bed0d34aad2f1870d7d14c2240cb0477751e836448ca030ad
trio,KRA/parsed/kra_2019/market=trio/year=2019/month=2019-03/part-0.parquet,208899,861ad7c3f558e356fc48a75c1232a402eb491ca70fd07874c96984ae1eb19f17
trio,KRA/parsed/kra_2019/market=trio/year=2019/month=2019-04/part-0.parquet,171967,2e59809582ad049413ec3979e85feefacd6fec37e2d0d8166c1925e3f44c5267
trio,KRA/parsed/kra_2019/market=trio/year=2019/month=2019-05/part-0.parquet,169234,23077768baf5f86abf6b85ee7202200f34373328faf1487e94751c2045bc9cb8
trio,KRA/parsed/kra_2019/market=trio/year=2019/month=2019-06/part-0.parquet,154808,f52a5728a12c0a19c6214d7c4c531a98756f04dcb39483115c8e0faa6098ef15
trio,KRA/parsed/kra_2019/market=trio/year=2019/month=2019-07/part-0.parquet,123605,53ac093fe6664ab338dfe943648d2e527f2f4dfcbd83863cff6ee15f6250dd33
trio,KRA/parsed/kra_2019/market=trio/year=2019/month=2019-08/part-0.parquet,146023,b59738b0a631d81a23fa54e881e963cb34bd43dc0b7279cf2490a63a45834da7
trio,KRA/parsed/kra_2019/market=trio/year=2019/month=2019-09/part-0.parquet,152622,c920b6e268b64a200038f5033baf63e0a64532b0b657901f37eef27d041e947a
trio,KRA/parsed/kra_2019/market=trio/year=2019/month=2019-10/part-0.parquet,161369,ef33333112c86b464e076e446f61b4676be6759dc9aef2bf73ed5f8c0493c5ce
trio,KRA/parsed/kra_2019/market=trio/year=2019/month=2019-11/part-0.parquet,175552,8eda60476e0d31bd64126091054c0d37974d2e90dfef2ff42e378e9d726126e7
trio,KRA/parsed/kra_2019/market=trio/year=2019/month=2019-12/part-0.parquet,177398,3a7752e13aa6b8522a1c78c1f61db9aa37b1148680e5694e1eddbfe6d491f181
trio,KRA/parsed/kra_2022/market=trio/year=2022/month=2022-01/part-0.parquet,192176,5e021c25dcf41cfd274c97ac3cf84097619425554a8d920f9459039fe91691e0
trio,KRA/parsed/kra_2022/market=trio/year=2022/month=2022-02/part-0.parquet,172314,d5b4724d62fe8ebde4b733898b94c2daf514508482529090306bdab1d48806c1
trio,KRA/parsed/kra_2022/market=trio/year=2022/month=2022-03/part-0.parquet,141118,2f43463bff14303e02ecfb82a920174ef3c5c7b8b7c4ed101c48d681f5679511
trio,KRA/parsed/kra_2022/market=trio/year=2022/month=2022-04/part-0.parquet,141227,97341412e35d238dc7503147b5053c891a645b6e91a81de7891172dae4edcab1
trio,KRA/parsed/kra_2022/market=trio/year=2022/month=2022-05/part-0.parquet,128165,60f4bc8516cb8f405d5c6ed7f74feb8159723fa8e0b7bee9f2c2f36f22ce1eed
trio,KRA/parsed/kra_2022/market=trio/year=2022/month=2022-06/part-0.parquet,127115,0c0e76465e08a469b6e3f82fb03357e8e7865ce2aa96e28dae2d6418aad0c181
trio,KRA/parsed/kra_2022/market=trio/year=2022/month=2022-07/part-0.parquet,116315,7acd179f3001378d9104eec3d358fb0c6d86429a0d3b83bab6abbad1abe0511e
trio,KRA/parsed/kra_2022/market=trio/year=2022/month=2022-08/part-0.parquet,108519,907307c17304e3d57b2958978f9ee538858d377a7d7a9af917bd7731070bb4cb
trio,KRA/parsed/kra_2022/market=trio/year=2022/month=2022-09/part-0.parquet,126114,77f822231d31a5be6e837fbadd8be904784244bc3d553bd1069cc323d31d4e40
trio,KRA/parsed/kra_2022/market=trio/year=2022/month=2022-10/part-0.parquet,161638,b464198ae02cbe917e9339328a772a90543a3d721685b02f4f94d878597517ff
trio,KRA/parsed/kra_2022/market=trio/year=2022/month=2022-11/part-0.parquet,150750,4a57bbbd383aeaa877f5d803ae82a74657892e242c7fd4a0153f238d468e63a1
trio,KRA/parsed/kra_2022/market=trio/year=2022/month=2022-12/part-0.parquet,155477,045de6800329bf0792afb492dea7a706d4733721ee12c69445904eebb425afc2
trio,KRA/parsed/kra_2023/market=trio/year=2023/month=2023-01/part-0.parquet,128830,78648e987ab59ad2cb13007b4872477c162309a893a69f010619c2568e2c8b77
trio,KRA/parsed/kra_2023/market=trio/year=2023/month=2023-02/part-0.parquet,147040,339a5cd4b1b1162e595ee2a36726d16b8bce21f00e13b9f9813fcd7a6bc615a9
trio,KRA/parsed/kra_2023/market=trio/year=2023/month=2023-03/part-0.parquet,138327,e24b429028e4566caede47b855c7202d9c9b59f1b2b0e36f0db758bb0cfb98da
trio,KRA/parsed/kra_2023/market=trio/year=2023/month=2023-04/part-0.parquet,133168,4fecb570c0af14bd41b0f7eb98df0af161fbe0a186ec08ca072f75f965cbf69a
trio,KRA/parsed/kra_2023/market=trio/year=2023/month=2023-05/part-0.parquet,111971,f0be174597688803695f8ecd100d6a0860e656c8dad31a8c5e2b6ef961926aec
trio,KRA/parsed/kra_2023/market=trio/year=2023/month=2023-06/part-0.parquet,126937,fdf812f8ffc69fd1ea30eaf680950940034f622b94b359eeb079274291db08d4
trio,KRA/parsed/kra_2023/market=trio/year=2023/month=2023-07/part-0.parquet,119848,9fad6823c5361d7778b0713d53dc5168d7f6376344ee3fc415b1b003ad02f5c0
trio,KRA/parsed/kra_2023/market=trio/year=2023/month=2023-08/part-0.parquet,117569,b2333e5224c6a665f9e7c90bce153d4fb641072a29a749620304e417048165a8
trio,KRA/parsed/kra_2023/market=trio/year=2023/month=2023-09/part-0.parquet,124097,e06d77adcde8e25e7aaa1e535fcb5e2e96beda97fad82eeb59a30dd823cd2b1e
trio,KRA/parsed/kra_2023/market=trio/year=2023/month=2023-10/part-0.parquet,126115,7f4cda0ce2183e4031d6648400ad3a1c05b113b2cd50eb3b84e4eb9390e4b565
trio,KRA/parsed/kra_2023/market=trio/year=2023/month=2023-11/part-0.parquet,130216,afd06b6b1944647842297fdbdf01b7bb6140484a88bc83ffe4ea12578cabc520
trio,KRA/parsed/kra_2023/market=trio/year=2023/month=2023-12/part-0.parquet,146883,a1a6c39165952606b1983f7b577708873a6d2937fc223dccac31160d714e8022
trio,KRA/parsed/kra_2024/market=trio/year=2024/month=2024-01/part-0.parquet,118348,d615a83afd48cce047a634232db9eba4e0564c922a3deb3fb1480ce61b5479ed
trio,KRA/parsed/kra_2024/market=trio/year=2024/month=2024-02/part-0.parquet,126508,827865ef931d405d108366a748f2d4f5bf720007b3fec83ecd085949198dba69
trio,KRA/parsed/kra_2024/market=trio/year=2024/month=2024-03/part-0.parquet,157762,d925e22c036cf47e67f806ba72bfc3838ba7459169286d81a685818f424f3bae
trio,KRA/parsed/kra_2024/market=trio/year=2024/month=2024-04/part-0.parquet,128974,eec78fdc36692bc980db666333fbb43c2a9aad3d1b8ee6acf4c3238bbc4afec6
trio,KRA/parsed/kra_2024/market=trio/year=2024/month=2024-05/part-0.parquet,127165,c71441891d3d386e3b5f00eba003bf60a116634d83318a452b3f47b86bf7fe92
trio,KRA/parsed/kra_2024/market=trio/year=2024/month=2024-06/part-0.parquet,119885,be7b79c80f8f04ba4a36f8376ab4f2014c1cfb2eeb65d7cba7cc8328c1c856df
trio,KRA/parsed/kra_2024/market=trio/year=2024/month=2024-07/part-0.parquet,102805,a059a763d4a63680024eea4cb12530fa1b46036df8108aa85acd54ea0878dc7a
trio,KRA/parsed/kra_2024/market=trio/year=2024/month=2024-08/part-0.parquet,106124,1ce2932a71fbc90f18cbbfb9efce2b1a0a8a91aa107921aec37a6d77009379b3
trio,KRA/parsed/kra_2024/market=trio/year=2024/month=2024-09/part-0.parquet,114238,e0b4d2588331fb2401695450fd4a2867e9bcbb1bd9a049bc66a5ae64f28f59a4
trio,KRA/parsed/kra_2024/market=trio/year=2024/month=2024-10/part-0.parquet,120452,5667647cf4ee0406bdda642c341e67dc5c210ae51a574c11c1bc0a9c774eae27
trio,KRA/parsed/kra_2024/market=trio/year=2024/month=2024-11/part-0.parquet,138167,80c1aef29821ccbeb45c7aca5787d6a1ae3550c8589e13b56556c335b1e28ef1
trio,KRA/parsed/kra_2024/market=trio/year=2024/month=2024-12/part-0.parquet,144840,129df2a62e072c39a2fe0f9d73d527569cb701b8acd2796da6211618bc650d1f
trio,KRA/parsed/kra_2025/market=trio/year=2025/month=2025-01/part-0.parquet,131770,df23bb5552808e96c5be17c004c9798c0426d60fc0b0df43db9a7f8369a8c3f2
trio,KRA/parsed/kra_2025/market=trio/year=2025/month=2025-02/part-0.parquet,119217,a914a96718e78ae198bbd4844bc80e3e95c3e413b0d0875fe0aa7c5bb084867c
trio,KRA/parsed/kra_2025/market=trio/year=2025/month=2025-03/part-0.parquet,151469,d15792b8928a8e0f152b06f3b6e38e104eb17d6003bb60a4e72af37a84966fa2
trio,KRA/parsed/kra_2025/market=trio/year=2025/month=2025-04/part-0.parquet,140420,87fa06b84095146e1097834e5d074907ba49874432efcd8cf8ed58e422f64bf6
trio,KRA/parsed/kra_2025/market=trio/year=2025/month=2025-05/part-0.parquet,125417,f767c81719c9d9fdf63a5f5f40dbafbd2dcb340d4241a080808b11e48ab37cb1
trio,KRA/parsed/kra_2025/market=trio/year=2025/month=2025-06/part-0.parquet,117152,871ddc00cfef41612d3f2ae7cb3e953ec4252aa2fc036839239c16fcb99cd99c
trio,KRA/parsed/kra_2025/market=trio/year=2025/month=2025-07/part-0.parquet,101818,33ca2122bf5a559dc421440c4db1e0be873336a5965abe9c8e428a8fda137510
trio,KRA/parsed/kra_2025/market=trio/year=2025/month=2025-08/part-0.parquet,114364,de4a591a8ea5cf6e256142f18959f0e48ae920fd42ea523f3cf0ec3a7179bb38
trio,KRA/parsed/kra_2025/market=trio/year=2025/month=2025-09/part-0.parquet,118519,ce4041f27032f70bdb5a576fde9c6ee5f6213e8db58340689bc31b1b3013e963
trio,KRA/parsed/kra_2025/market=trio/year=2025/month=2025-10/part-0.parquet,109673,8f23acf2664b3f481b9c29306562908938a252676c7444fbc59cf8313714f236
trio,KRA/parsed/kra_2025/market=trio/year=2025/month=2025-11/part-0.parquet,166849,3676252b9f1c3e8780c6b740ef822d52b4fcb7b5df789a3913d8f7ae45051a46
trio,KRA/parsed/kra_2025/market=trio/year=2025/month=2025-12/part-0.parquet,138410,698b9caafeac13cfa01683a59a0f682f75c2a3d271f11c35ac4c853fac899f9f
valid_horses,KRA/parsed/kra_2016_post/valid_horses/year=2016/month=2016-06/part-0.parquet,8917,b186bc7a95ee7efd291efdc3f6b96d27bd67911857be3ed9f07a43937609727c
valid_horses,KRA/parsed/kra_2016_post/valid_horses/year=2016/month=2016-07/part-0.parquet,11636,8f70b2681ca93c256651ecfbbf2c8e5028f200a1a8cb1be064e4ef09da0cd35b
valid_horses,KRA/parsed/kra_2016_post/valid_horses/year=2016/month=2016-08/part-0.parquet,9894,1a3f9fda2e8cee6317ad905d0479323bef450d60d1340a656eee8054738f6fb1
valid_horses,KRA/parsed/kra_2016_post/valid_horses/year=2016/month=2016-09/part-0.parquet,10132,14b6468c8c34e0357a4dd8d20a7f591b274db20d16058f2825f63e582aaa15e0
valid_horses,KRA/parsed/kra_2016_post/valid_horses/year=2016/month=2016-10/part-0.parquet,11352,6c10f361c9f2bb9ed778c197efdb2ad0bfe2c77c381f4f019baff8ee167091b8
valid_horses,KRA/parsed/kra_2016_post/valid_horses/year=2016/month=2016-11/part-0.parquet,10797,833160d8f79e984932ad359871b03c8040fb28b51fa5d494b5e040b4178bc186
valid_horses,KRA/parsed/kra_2016_post/valid_horses/year=2016/month=2016-12/part-0.parquet,11143,a5fc1257fd374d85f1ef56619415569744ef73b40393319dba8980a57626852d
valid_horses,KRA/parsed/kra_2017/valid_horses/year=2017/month=2017-01/part-0.parquet,8940,2768dec6be5e3368a100820db9b4e78b9e50f40ce29eebbf8f1b41a89d7595bc
valid_horses,KRA/parsed/kra_2017/valid_horses/year=2017/month=2017-02/part-0.parquet,10850,b0d5051567c4735eb5c87d083bfab17d6db41f6bb27936b2117b3e555388e73d
valid_horses,KRA/parsed/kra_2017/valid_horses/year=2017/month=2017-03/part-0.parquet,11319,17b1e3f66698e52d8e148ff688ae67ca00fef6e41f07986abf262be5a26e6025
valid_horses,KRA/parsed/kra_2017/valid_horses/year=2017/month=2017-04/part-0.parquet,11557,9ed4b9cf502189a344808edc0751c45a3321f202215724abd3afe873b404c475
valid_horses,KRA/parsed/kra_2017/valid_horses/year=2017/month=2017-05/part-0.parquet,10471,91623485ce57c49d0d719e136966862525080ff9f6f4c16c2f15f910a8177438
valid_horses,KRA/parsed/kra_2017/valid_horses/year=2017/month=2017-06/part-0.parquet,11011,f70fc3ed2362461cb3b3097a7845e0d5124506ccb9d795dc24c0613e02c2982f
valid_horses,KRA/parsed/kra_2017/valid_horses/year=2017/month=2017-07/part-0.parquet,11012,da19514f89e2cf4593777f193d91348b19b7a8650f4ab9b5be07111ccfd0ea04
valid_horses,KRA/parsed/kra_2017/valid_horses/year=2017/month=2017-08/part-0.parquet,9797,0020c6eeb0b6126178071bcb718ee8dc02e75e859ea484bd145301d795f32367
valid_horses,KRA/parsed/kra_2017/valid_horses/year=2017/month=2017-09/part-0.parquet,11742,7d854237114707b44175ec556e5d2b51abe230d1e20ec3d01f411e47854ae6e0
valid_horses,KRA/parsed/kra_2017/valid_horses/year=2017/month=2017-10/part-0.parquet,9677,4dd1f396fc7f486b65c0c83372d608390037bad2ebf584e79db91ef24ed40b60
valid_horses,KRA/parsed/kra_2017/valid_horses/year=2017/month=2017-11/part-0.parquet,10715,226dea91551cdc6985aae96fd5ff297e4fc699cb613d46d83c19895e3cfcfb05
valid_horses,KRA/parsed/kra_2017/valid_horses/year=2017/month=2017-12/part-0.parquet,11429,a371f8c1a5fd55a1eb94c5e7429a34151af95747fcac9db2a4b6c4ce969b0095
valid_horses,KRA/parsed/kra_2018/valid_horses/year=2018/month=2018-01/part-0.parquet,10445,0912fe8120c58f21881c31a62f363fa9f4b3ab5004db563a3483ef28f809b6f5
valid_horses,KRA/parsed/kra_2018/valid_horses/year=2018/month=2018-02/part-0.parquet,9170,90a63f9e7be1185b05ac7fe01f9a951ca96151706e55c435ac8732e3c0f44054
valid_horses,KRA/parsed/kra_2018/valid_horses/year=2018/month=2018-03/part-0.parquet,11685,ed8a6c72609e49c6eaac55d35298335ea8faa609d4bf56e898a22a064a1a8757
valid_horses,KRA/parsed/kra_2018/valid_horses/year=2018/month=2018-04/part-0.parquet,10857,17b3ea77d6b480a1b6d2deded7ba1ca6c5a1b0de83b7c052c9f8a257fb839701
valid_horses,KRA/parsed/kra_2018/valid_horses/year=2018/month=2018-05/part-0.parquet,10435,2ba5bef12158509a7f6ecb65e7e228e3f6e733a8f0b5d04f83b20ae24d3abef9
valid_horses,KRA/parsed/kra_2018/valid_horses/year=2018/month=2018-06/part-0.parquet,11191,815785e7206e5a62b0d1e5e2a1ef4f02b56c8a08af44ccfebbb19cc8579605cd
valid_horses,KRA/parsed/kra_2018/valid_horses/year=2018/month=2018-07/part-0.parquet,10621,c119c9378838d653567aca1148a067284b1e86cd62d28d4d3b28f01add1bc07e
valid_horses,KRA/parsed/kra_2018/valid_horses/year=2018/month=2018-08/part-0.parquet,10234,93d47f1b88e70708dd982522f44b5ae0950993c1ae0326414c370d437f6aa451
valid_horses,KRA/parsed/kra_2018/valid_horses/year=2018/month=2018-09/part-0.parquet,10275,6887adf8050d6b2833823c67cfbaf90ce2e3a9ffc1987d864a003b591b28cce8
valid_horses,KRA/parsed/kra_2018/valid_horses/year=2018/month=2018-10/part-0.parquet,10773,9a980805a0011ec6aff844280778fc393de458bd5bec635d0a9b1868e941d088
valid_horses,KRA/parsed/kra_2018/valid_horses/year=2018/month=2018-11/part-0.parquet,11385,08b8aa4053e088dd3e8a42282e2fdfb02dda2fc4839c8c125210339d6924da48
valid_horses,KRA/parsed/kra_2018/valid_horses/year=2018/month=2018-12/part-0.parquet,10980,8f0fe353ec6bfb1867d2efe6ce812129b0e375675afa7680978de835f39f17b7
valid_horses,KRA/parsed/kra_2019/valid_horses/year=2019/month=2019-01/part-0.parquet,10520,2be3efbd26a245e1a2caa8300eaf0d330063d7d106649f192ba8cbfbc2034538
valid_horses,KRA/parsed/kra_2019/valid_horses/year=2019/month=2019-02/part-0.parquet,9367,c32902ac6275ee7ef86074136cef0bf2b21298e3ac378c5b665439368aa1b06e
valid_horses,KRA/parsed/kra_2019/valid_horses/year=2019/month=2019-03/part-0.parquet,12168,faa94baf673b40517b7d298f7b79632ded397a295609540de49e808461e0f74d
valid_horses,KRA/parsed/kra_2019/valid_horses/year=2019/month=2019-04/part-0.parquet,10450,9b7e4f5b02b588b7a3a47dacc41af44a2ed321964b61164c62c19dbaf1731233
valid_horses,KRA/parsed/kra_2019/valid_horses/year=2019/month=2019-05/part-0.parquet,10968,f14c0ac1d6a3e49dc0c832b7b7098d85cb3a560ead589d677b5f47816ec11e44
valid_horses,KRA/parsed/kra_2019/valid_horses/year=2019/month=2019-06/part-0.parquet,11124,284ce52fd240840accd17e2a1b182195881927d0599af9771ee384a156f10486
valid_horses,KRA/parsed/kra_2019/valid_horses/year=2019/month=2019-07/part-0.parquet,9964,19e0d623ad117c905112297ca9d0d5f21334bb98aee042b103ad7d1d23f65989
valid_horses,KRA/parsed/kra_2019/valid_horses/year=2019/month=2019-08/part-0.parquet,10694,99381f21bdfacbbe54fb78505209d8558d565ae955aedc25194043706aade805
valid_horses,KRA/parsed/kra_2019/valid_horses/year=2019/month=2019-09/part-0.parquet,9827,0d72b8bb4b2321b2e513a457757667843a907d4fd7061d2fe756a1b751521cb6
valid_horses,KRA/parsed/kra_2019/valid_horses/year=2019/month=2019-10/part-0.parquet,10480,8c306e7e9ec798d34f5b79983e9f0365ce61af953460bcb9b078210bee639672
valid_horses,KRA/parsed/kra_2019/valid_horses/year=2019/month=2019-11/part-0.parquet,11472,dfce1b4d0750624c87f7b5a5a5d4234b1794df118426d0d1a6968f1a95d50147
valid_horses,KRA/parsed/kra_2019/valid_horses/year=2019/month=2019-12/part-0.parquet,10419,d829a13adfba057b5211eb826d095f244a5b3d508e9cd26bf7cadaf5d545dcf7
valid_horses,KRA/parsed/kra_2022/valid_horses/year=2022/month=2022-01/part-0.parquet,10210,5c7ee39b485a0e66ce2fed870dba1b02d2dc836a60e9cbf47dd1012fa740bcc6
valid_horses,KRA/parsed/kra_2022/valid_horses/year=2022/month=2022-02/part-0.parquet,8806,15546e5efdc942ce0d3e6ab84e0c13f1e055df66eafdef3204e91fca23bfab3d
valid_horses,KRA/parsed/kra_2022/valid_horses/year=2022/month=2022-03/part-0.parquet,9732,f7d2deac4dc5ed242b2a6e76d913cfa38833fcb82e3c7476647c6a7ee5abe926
valid_horses,KRA/parsed/kra_2022/valid_horses/year=2022/month=2022-04/part-0.parquet,10498,72413e410af9daf066dd436467bbc2711fe479a881776655d7fc23ed2de0a729
valid_horses,KRA/parsed/kra_2022/valid_horses/year=2022/month=2022-05/part-0.parquet,10031,1c969b32fa14a24179073fbc19f0787522bbc3009da32d3bc616828b3af60a3b
valid_horses,KRA/parsed/kra_2022/valid_horses/year=2022/month=2022-06/part-0.parquet,9761,60ac55333fb98fc66c8303968f87e304a0c09c2cb2db450444cc695f5d510a6b
valid_horses,KRA/parsed/kra_2022/valid_horses/year=2022/month=2022-07/part-0.parquet,10725,83a910d753e69acb390d518c10fa02334bd02e592877964b014f318685279a31
valid_horses,KRA/parsed/kra_2022/valid_horses/year=2022/month=2022-08/part-0.parquet,9351,4dfa08d5adb8f9d885c2d1b165965fb175d39807bb38583e0aa58052c81f7d34
valid_horses,KRA/parsed/kra_2022/valid_horses/year=2022/month=2022-09/part-0.parquet,9082,7a3156c066693685c856f9909b47a312ffe6d4214d9ba3f68ad427af8e7c7eb2
valid_horses,KRA/parsed/kra_2022/valid_horses/year=2022/month=2022-10/part-0.parquet,10916,d35743db7ba31f8644ff77a87975734e13c260b20c54dc0423e0ac047feb2801
valid_horses,KRA/parsed/kra_2022/valid_horses/year=2022/month=2022-11/part-0.parquet,10027,53e54678583b6cf42ea46671ec02ee6e841b93ef0339d41bcea89b241a53cd11
valid_horses,KRA/parsed/kra_2022/valid_horses/year=2022/month=2022-12/part-0.parquet,10008,232d38174095e6d877a626ec2c2fad72aed8cc6fc7e54ad7aa1a9842a6ed3b3b
valid_horses,KRA/parsed/kra_2023/valid_horses/year=2023/month=2023-01/part-0.parquet,8583,1173687c990ed55a265612ed5dd8b620311e76187c5331fb20c79c247e64acf6
valid_horses,KRA/parsed/kra_2023/valid_horses/year=2023/month=2023-02/part-0.parquet,10183,5ef27b9b764cb29a51286bf662ac73b182b14e68ddb8adb0ab1196195da5c67e
valid_horses,KRA/parsed/kra_2023/valid_horses/year=2023/month=2023-03/part-0.parquet,10154,4b046a8d8361f1e4e60f31e732fe0722c1fe215097c698bb042722f0be183c72
valid_horses,KRA/parsed/kra_2023/valid_horses/year=2023/month=2023-04/part-0.parquet,10615,ca735de3955dc32ca89ce69686a829f3ba9dfc61dce7d6ef1af68596c8b572c8
valid_horses,KRA/parsed/kra_2023/valid_horses/year=2023/month=2023-05/part-0.parquet,9444,7a67d1216e8b1da4dbac7834314069dd1ef46cd78cfbe62bfc1a51c600c7d089
valid_horses,KRA/parsed/kra_2023/valid_horses/year=2023/month=2023-06/part-0.parquet,10187,3f75309e0b0dba2e9146c45334f93a627659e93cab33415a5d5b2626b2c158a3
valid_horses,KRA/parsed/kra_2023/valid_horses/year=2023/month=2023-07/part-0.parquet,10255,c60f04f67babe07202587398c675cedc789085d869f008375ec5f250e5fa26f6
valid_horses,KRA/parsed/kra_2023/valid_horses/year=2023/month=2023-08/part-0.parquet,9280,d5900a135f230beac74d42aa79dc1cc062ac7ad7adca8b645442e6ff603b2636
valid_horses,KRA/parsed/kra_2023/valid_horses/year=2023/month=2023-09/part-0.parquet,9887,5991f57aa28817241bda5b84381f20d70c028abc16109bb2cf5f81c6f1ece9f5
valid_horses,KRA/parsed/kra_2023/valid_horses/year=2023/month=2023-10/part-0.parquet,9786,a289acb3adae4779082fe77dddfb1f3f745016fad206f652070e9e8ff07562cc
valid_horses,KRA/parsed/kra_2023/valid_horses/year=2023/month=2023-11/part-0.parquet,9809,1bc63faaf47146d287c798a343853fa2f52e0ebe3b9ab256b761b94498873aa9
valid_horses,KRA/parsed/kra_2023/valid_horses/year=2023/month=2023-12/part-0.parquet,11058,a1cc3fe76566eb4bb9f6ca38828b44e8d60317a99be4f8c6fbb80ebc14092e5e
valid_horses,KRA/parsed/kra_2024/valid_horses/year=2024/month=2024-01/part-0.parquet,9725,7db212f75035266e5a84fcd07934e8bd5c3d5b05c22a980744b0c294439c4d18
valid_horses,KRA/parsed/kra_2024/valid_horses/year=2024/month=2024-02/part-0.parquet,8587,733ac2a8f71e2fb21d899661262bae993c100832f88b7bd51ffcc3a6f66227a1
valid_horses,KRA/parsed/kra_2024/valid_horses/year=2024/month=2024-03/part-0.parquet,11239,e6a3ce052ef91239e5428ea0b6c7a6da7b939e4f31ae6499dc8ea8eeaa13c525
valid_horses,KRA/parsed/kra_2024/valid_horses/year=2024/month=2024-04/part-0.parquet,9987,2ee7be1ff7fbf17b3c94879d014cd2d9853221bffd984958ae1d05ff9e07f841
valid_horses,KRA/parsed/kra_2024/valid_horses/year=2024/month=2024-05/part-0.parquet,10362,fb70be0283c121413a678f98c3feb169969147702237698204ed44dac187a4e4
valid_horses,KRA/parsed/kra_2024/valid_horses/year=2024/month=2024-06/part-0.parquet,10654,965702ccba6755c134a3cbc0cac69288dec5ad9f223416d43539e857b5add0d9
valid_horses,KRA/parsed/kra_2024/valid_horses/year=2024/month=2024-07/part-0.parquet,9463,37198d227aca8677592f3148b4b939b65bc5e99fb09a9c05ca9a6289bbe049a2
valid_horses,KRA/parsed/kra_2024/valid_horses/year=2024/month=2024-08/part-0.parquet,9710,4c7ffd3f6c1fef9d184b5e28af72cd04b6de03f9cb6111d2495490ac9c970f19
valid_horses,KRA/parsed/kra_2024/valid_horses/year=2024/month=2024-09/part-0.parquet,9019,264b34ab0f90fd3aecb98146a50dc5093485a7d32de0207a25b42b80f447c86d
valid_horses,KRA/parsed/kra_2024/valid_horses/year=2024/month=2024-10/part-0.parquet,9944,ebb33fd39d46b2e02f9f78b1038591d02d07979b7d2349babf2c3c4bfb623f1c
valid_horses,KRA/parsed/kra_2024/valid_horses/year=2024/month=2024-11/part-0.parquet,10727,bf3940f985000b7fb44c64a8a61e4b1fb9a2ff64dc90ca88d19ac5e39be15452
valid_horses,KRA/parsed/kra_2024/valid_horses/year=2024/month=2024-12/part-0.parquet,10413,d8b3f2ab40531c389703a3855b4f51907b6cde3e5d92b55c8de48fc0f89e12db
valid_horses,KRA/parsed/kra_2025/valid_horses/year=2025/month=2025-01/part-0.parquet,9793,9cba85d9c793eaab4794683f19edb498cd426c40af9df44b1ba310942702c58b
valid_horses,KRA/parsed/kra_2025/valid_horses/year=2025/month=2025-02/part-0.parquet,8937,d76a8c4a4085d482b2e487fc1f386a825b44627784ee733e840b9873a92bbcb9
valid_horses,KRA/parsed/kra_2025/valid_horses/year=2025/month=2025-03/part-0.parquet,10897,c077c0e18f5683772bd58c478a9f32d186c471d3835eb18155194bdfc492463c
valid_horses,KRA/parsed/kra_2025/valid_horses/year=2025/month=2025-04/part-0.parquet,10080,5446085aa11505380ed7a2986e951008e7634da5d9e1d1cfab663a9dfc11dc41
valid_horses,KRA/parsed/kra_2025/valid_horses/year=2025/month=2025-05/part-0.parquet,10626,1de59b80c7eb7ba4ae7dccff7d8d029b37baed4c94265dde148ca0678c67dea6
valid_horses,KRA/parsed/kra_2025/valid_horses/year=2025/month=2025-06/part-0.parquet,10166,e80fad70a7a51bf383c29d1f8c7cd32f10b090beb2018690f9db403f931d69d7
valid_horses,KRA/parsed/kra_2025/valid_horses/year=2025/month=2025-07/part-0.parquet,9457,afb19fc224f15956d3027bac6cbcacc87673d9b6329f4c808429b21ae3cac9e5
valid_horses,KRA/parsed/kra_2025/valid_horses/year=2025/month=2025-08/part-0.parquet,10249,5dca9381d60ad9946854c0925fc44788210eb642edf537c1f51dcbc658a5dfda
valid_horses,KRA/parsed/kra_2025/valid_horses/year=2025/month=2025-09/part-0.parquet,10069,7b97506a2cef25bf4c3495adbaf48bc7ad170eb0fdb84d64cdea740b3f404b22
valid_horses,KRA/parsed/kra_2025/valid_horses/year=2025/month=2025-10/part-0.parquet,8118,e5f0b19a58e4129aaa2c5dfbcfb83bf41cf4fcecab52ab46d55ac5f113601110
valid_horses,KRA/parsed/kra_2025/valid_horses/year=2025/month=2025-11/part-0.parquet,10989,856feab5aa7bfcc90e363d3725ee2d0d8dc3aa4be55d0e01c941b6ad34414137
valid_horses,KRA/parsed/kra_2025/valid_horses/year=2025/month=2025-12/part-0.parquet,9994,a3885709f5d015f3d1c93259d5fc2de98ac5a016fcfb739afc1959fc5fd25760
win,KRA/parsed/kra_2016_post/market=win/year=2016/month=2016-06/part-0.parquet,11812,f58743ad74958cf40c40290e4d54018ea8a6f7d082a47f375ac9aa1232c1a24d
win,KRA/parsed/kra_2016_post/market=win/year=2016/month=2016-07/part-0.parquet,16749,b75507fadc96cc66cdff11dde6e9871b9ff4e77a596a6af78eefd5f3501bb462
win,KRA/parsed/kra_2016_post/market=win/year=2016/month=2016-08/part-0.parquet,13549,ff8a0081d711f6170e53584857b528a5c8f4656074c4245585a76a271e41d555
win,KRA/parsed/kra_2016_post/market=win/year=2016/month=2016-09/part-0.parquet,14092,1d643a31758018d7f53eb183a0cf6f4b72630df9a3edea8dde0dd733a91068d6
win,KRA/parsed/kra_2016_post/market=win/year=2016/month=2016-10/part-0.parquet,16041,64f4ba27129392be16cf7dcf8e9dbd84bc8246e66727c321d3377432a6e32117
win,KRA/parsed/kra_2016_post/market=win/year=2016/month=2016-11/part-0.parquet,15350,243573a13a261468a0b4a61c28fb3dd42bf55884dc559c37b7a9339d9c3ff98c
win,KRA/parsed/kra_2016_post/market=win/year=2016/month=2016-12/part-0.parquet,15629,12bb57a72ff269f15047bd80e1e72830b3de8e6722705b0909c8d2738529933b
win,KRA/parsed/kra_2017/market=win/year=2017/month=2017-01/part-0.parquet,11932,e64789e750ffed554014a13123a7303d110cb9915cdcc045788c066f5a8c21c1
win,KRA/parsed/kra_2017/market=win/year=2017/month=2017-02/part-0.parquet,15450,792c5a3877587d2d3abc179bcf6bdca945f996a761a0ffef9fda4d4ac5a5c1ce
win,KRA/parsed/kra_2017/market=win/year=2017/month=2017-03/part-0.parquet,16136,5f629e818896552278a237e4adce984269bb3d97f529ce7ef662d3094fa25103
win,KRA/parsed/kra_2017/market=win/year=2017/month=2017-04/part-0.parquet,16577,0f228a87876e19310c02345cd1c33ba49b6f19539bb0769052b2335040ca4198
win,KRA/parsed/kra_2017/market=win/year=2017/month=2017-05/part-0.parquet,14402,5fbae79b87d08fb28e46d1ba7789cfd7758e628c5e23db468dce6b2ae2b60274
win,KRA/parsed/kra_2017/market=win/year=2017/month=2017-06/part-0.parquet,15311,14e4b3abc747c2cf626eda0b58cf99fd20fd8bc268c16adee7960d2b9984b46f
win,KRA/parsed/kra_2017/market=win/year=2017/month=2017-07/part-0.parquet,14861,72e4abd6ba4abcddcc0da5d52e3fc8329e2eec1e79bebdc36aa57f4640367966
win,KRA/parsed/kra_2017/market=win/year=2017/month=2017-08/part-0.parquet,13105,ab20a3966c6168321ae205f957c9661a613c819101d1ccdb2298fb4b6167e44d
win,KRA/parsed/kra_2017/market=win/year=2017/month=2017-09/part-0.parquet,16754,57db05491e648996aa02a37b2c937675d574123a531e113d42b63031a0999b4d
win,KRA/parsed/kra_2017/market=win/year=2017/month=2017-10/part-0.parquet,13454,57c696169b2c709b69b47414525f16cd9d3251295e7f3696512344c3772ca732
win,KRA/parsed/kra_2017/market=win/year=2017/month=2017-11/part-0.parquet,15057,df02011ab3b35645e7ae5634001a4a85e8fc394aebe335de79b604a80715378a
win,KRA/parsed/kra_2017/market=win/year=2017/month=2017-12/part-0.parquet,15928,3cdf521df82d605f8559d29af7cabc99cbc47545aaee83d1fe947ef78a32a161
win,KRA/parsed/kra_2018/market=win/year=2018/month=2018-01/part-0.parquet,14453,90817de4bbf06b53363f931b94563635a23dd45f1f15a71e710e4faa17f1e470
win,KRA/parsed/kra_2018/market=win/year=2018/month=2018-02/part-0.parquet,12459,7f2f611e4ceec5b2f3ed02f533212ca42c7049c85e97daf796bbbeee9368c48b
win,KRA/parsed/kra_2018/market=win/year=2018/month=2018-03/part-0.parquet,16575,475e8de6d7b28b9e4c6f8fb09781177a16e8a88e78cb7cbc5311591bac537834
win,KRA/parsed/kra_2018/market=win/year=2018/month=2018-04/part-0.parquet,15098,dfbad2db690ec4158f4275d15d31cd144c86399d1f27ca01a6774c34c185160b
win,KRA/parsed/kra_2018/market=win/year=2018/month=2018-05/part-0.parquet,14161,73965b350471883fe3bc077c8fcdc1e9fddd4c393006ab6a639b3e062365205b
win,KRA/parsed/kra_2018/market=win/year=2018/month=2018-06/part-0.parquet,14985,8010544b60ce0cee57330ae10ffc51fde719292ae3b519b61ee382ed6320cb3c
win,KRA/parsed/kra_2018/market=win/year=2018/month=2018-07/part-0.parquet,14092,e8844a6a0a5b065a562343b82e424cf507ffc28b046f4619e2ee29b5ea926f86
win,KRA/parsed/kra_2018/market=win/year=2018/month=2018-08/part-0.parquet,13374,1cd64178d4bb45676c96ce618a66d1577be1c18122e20e721acb6c5d76941dab
win,KRA/parsed/kra_2018/market=win/year=2018/month=2018-09/part-0.parquet,13627,e30e93173bd69b8bc8acd0e31232d54005e507493814d3efde09b5abe366da06
win,KRA/parsed/kra_2018/market=win/year=2018/month=2018-10/part-0.parquet,14888,ac9eb3348e610e491f688b23c4504338f10fc46528d1ba51566e7f8820d188e6
win,KRA/parsed/kra_2018/market=win/year=2018/month=2018-11/part-0.parquet,15953,c0a1de33f7776bc8e3a7f6384f60984f12181be5050fa86a500d586dc7f33506
win,KRA/parsed/kra_2018/market=win/year=2018/month=2018-12/part-0.parquet,15443,91bd79d354a9a36d267b6b62b237a5d2aa71e9ea728b919186de7437de1a07b4
win,KRA/parsed/kra_2019/market=win/year=2019/month=2019-01/part-0.parquet,15077,565beea613d22d0f77cb1e2ebf2bba464eb363a974b3759f3506f8a11e1de7ad
win,KRA/parsed/kra_2019/market=win/year=2019/month=2019-02/part-0.parquet,12813,907230a37f954bd615ce3557032a7fbde48d14635d7abff703c060dfa01e6c7a
win,KRA/parsed/kra_2019/market=win/year=2019/month=2019-03/part-0.parquet,18076,123f70324fb6e207ca251e22b4e46df81dc39ced43ead39b40dafb1c47f6fc79
win,KRA/parsed/kra_2019/market=win/year=2019/month=2019-04/part-0.parquet,14812,713770d94d8255b74c392c292cd2a2b5567e520bd417d125135f9e72a85542b3
win,KRA/parsed/kra_2019/market=win/year=2019/month=2019-05/part-0.parquet,15209,388b1e7764d2512cea7893a7df1ce4f55a4b222d00c184dc24c32d4eba7d0b15
win,KRA/parsed/kra_2019/market=win/year=2019/month=2019-06/part-0.parquet,15020,09b0be161f42c52989aab7860fc877c57092ba1bd29a936c44f62a93f98567ca
win,KRA/parsed/kra_2019/market=win/year=2019/month=2019-07/part-0.parquet,13124,f4eb56f0902c8e053dbd443441645108b78a9481c2b083609cba5f17911a3e67
win,KRA/parsed/kra_2019/market=win/year=2019/month=2019-08/part-0.parquet,14552,fd9d9d902c0c9ea5ad7f1b48e32a8cd35969a7bbe4bab4475f07fee483b30a71
win,KRA/parsed/kra_2019/market=win/year=2019/month=2019-09/part-0.parquet,13558,9cd4836c09300ec60bcdc1ec27265b05a430f4508136c20351d5981f63b73a50
win,KRA/parsed/kra_2019/market=win/year=2019/month=2019-10/part-0.parquet,14937,c4807fe1b071645d64e98f8bf809df49997703cf71f5b962dbf0c32279fedf26
win,KRA/parsed/kra_2019/market=win/year=2019/month=2019-11/part-0.parquet,16538,08be00e73ab4dc52ff252cd5efe9ea0f3ca9602f533b03b5bb4dcc1172683eab
win,KRA/parsed/kra_2019/market=win/year=2019/month=2019-12/part-0.parquet,15143,867c8eca56e865e3f40e6d0278f5aa54c3bf05dcb389891a0b9293169acee189
win,KRA/parsed/kra_2022/market=win/year=2022/month=2022-01/part-0.parquet,14241,a11be4fda1b1faeecea9ec79da336c9673423fe35730f474f17b1d946b0e6878
win,KRA/parsed/kra_2022/market=win/year=2022/month=2022-02/part-0.parquet,12412,0ce8caa1e5eb2e706353bd9343308fd321484c6f326ff0a65b218e632cdb429e
win,KRA/parsed/kra_2022/market=win/year=2022/month=2022-03/part-0.parquet,13479,4a8e9690048c591e7b79b68b391ec13fb2bae85bb7505ea222d90f6fd37b016d
win,KRA/parsed/kra_2022/market=win/year=2022/month=2022-04/part-0.parquet,14334,419996460b703d40fe2eb63f081b37ac3bff757af450d9ad514908d10c577a7d
win,KRA/parsed/kra_2022/market=win/year=2022/month=2022-05/part-0.parquet,13548,7d6e6856c6565947ed916de9e60645596774d566db6be867f4f548a93c0e7002
win,KRA/parsed/kra_2022/market=win/year=2022/month=2022-06/part-0.parquet,12906,3164a5bb60f328c02df2ffe75af1fbbb713b7adad800822fb347f186f69845ea
win,KRA/parsed/kra_2022/market=win/year=2022/month=2022-07/part-0.parquet,14359,e58e1b79a258780e411ffc99939fbe9976ee442fa83962b3e582de3e7002fd5c
win,KRA/parsed/kra_2022/market=win/year=2022/month=2022-08/part-0.parquet,11798,94de26303cfdd04609a2f4efe8172487b7d83878fdeedd3d27d849e319709952
win,KRA/parsed/kra_2022/market=win/year=2022/month=2022-09/part-0.parquet,12082,70dacb5b4a2b6c058bc27ee1723c2b2bf80e68b93cc462305b6bd066c1e1dfe2
win,KRA/parsed/kra_2022/market=win/year=2022/month=2022-10/part-0.parquet,15061,35817815cdbdab8833edd197ee3760439cc93b0d5b6546ae2e56380e108b7b8a
win,KRA/parsed/kra_2022/market=win/year=2022/month=2022-11/part-0.parquet,13645,02a87989dfb2f49bfed0c4defb3f7fc1db28ab5cf50ce469ceea4cebdcb9e9b5
win,KRA/parsed/kra_2022/market=win/year=2022/month=2022-12/part-0.parquet,13607,eec94f7feb79253cd1a3d057b043ed602fea3b1dc80443a9dafd17017f6ffdb6
win,KRA/parsed/kra_2023/market=win/year=2023/month=2023-01/part-0.parquet,11352,ec70689536e274cd3bd6b2822b0ee6b51d92719c5003f628087422c6470b238d
win,KRA/parsed/kra_2023/market=win/year=2023/month=2023-02/part-0.parquet,13686,f6f6a3e317fc080d9a95dea6ff52b91b377add7565a6f227177db06f14e3a60f
win,KRA/parsed/kra_2023/market=win/year=2023/month=2023-03/part-0.parquet,13522,57f8f44824289c824a203cd79beabeb42de12c4773f7781b52811cc6a93aec45
win,KRA/parsed/kra_2023/market=win/year=2023/month=2023-04/part-0.parquet,14007,76c8b3d9f254850ed6ae61d1d76f92d7883d6507aceb591a768a44dd264684ad
win,KRA/parsed/kra_2023/market=win/year=2023/month=2023-05/part-0.parquet,12148,8c5b32584d0e09a4ce3e3ce9ad3fcd37122af578f586f19928cf7fbe9d6fcf90
win,KRA/parsed/kra_2023/market=win/year=2023/month=2023-06/part-0.parquet,13377,935305f1278621943a6127ee059f11f4536a8d0e8dd0fb32dba1969ea713abe8
win,KRA/parsed/kra_2023/market=win/year=2023/month=2023-07/part-0.parquet,13264,1a0506c693ce1e1e7e7749ad1880c52b60125d8e347c9391a055eba6f7114bed
win,KRA/parsed/kra_2023/market=win/year=2023/month=2023-08/part-0.parquet,12220,8dbeac7a54bf646291870494b4e5bde6ffe3bd538acdc9388b25feab6f01733e
win,KRA/parsed/kra_2023/market=win/year=2023/month=2023-09/part-0.parquet,13073,da1ca906130228c8b9933c023a8bd591ea0d4f4e48a25bb58dbcdae60caa7ec7
win,KRA/parsed/kra_2023/market=win/year=2023/month=2023-10/part-0.parquet,13110,12bd3ea14147a62d2283648b95eca40226515d42cc5acd3deb8c1fcb8274fac3
win,KRA/parsed/kra_2023/market=win/year=2023/month=2023-11/part-0.parquet,13025,6e5449e28a9ceca6a46da9d806bcea50f07835644503db6b342a3e0702ba340f
win,KRA/parsed/kra_2023/market=win/year=2023/month=2023-12/part-0.parquet,14806,a1c557843c11158cfb90228013072e46803c4e73f6b8c066b287fc4b5fee21e0
win,KRA/parsed/kra_2024/market=win/year=2024/month=2024-01/part-0.parquet,12752,49a13f19f611801feefced4f75c5d9c64a67d99789a50c491940880f695972bb
win,KRA/parsed/kra_2024/market=win/year=2024/month=2024-02/part-0.parquet,11285,165bfd35703cdb570af0e767bea8558a0cf9ed21ffedf9e1618e6e3131f3ceff
win,KRA/parsed/kra_2024/market=win/year=2024/month=2024-03/part-0.parquet,15233,4c2a7b02c914e02fce495d867feaed514302365a20f5d938020b4935437a1ea8
win,KRA/parsed/kra_2024/market=win/year=2024/month=2024-04/part-0.parquet,12909,37ace6953140463491822af0f34724755709d3c508eee1e74a44585a64ca44ec
win,KRA/parsed/kra_2024/market=win/year=2024/month=2024-05/part-0.parquet,13647,dfeb3b3e6ba998058693850e4596f1c8ccfde8d08967d45c7bfa5165412831a9
win,KRA/parsed/kra_2024/market=win/year=2024/month=2024-06/part-0.parquet,13919,500f59437e19d5101d53000cab28d0663c846798c1d977cec473cfb03d6cc022
win,KRA/parsed/kra_2024/market=win/year=2024/month=2024-07/part-0.parquet,11960,51010aefc21ee65caf009560b8f4d563d53b4451ffebd3ee7b173bcdabd9b3cd
win,KRA/parsed/kra_2024/market=win/year=2024/month=2024-08/part-0.parquet,12404,376d94319dae74300a85632b92832f556f03f0eb382a06016d9137790875128e
win,KRA/parsed/kra_2024/market=win/year=2024/month=2024-09/part-0.parquet,11407,8bb71f360444a0bfa1d9f241e4d66054b0ad61f35446c791290312ca02dfa5c7
win,KRA/parsed/kra_2024/market=win/year=2024/month=2024-10/part-0.parquet,12844,c3b286b3572afc42057457b907712a05280e95192bc2f6d3dd5f3bb40aed618b
win,KRA/parsed/kra_2024/market=win/year=2024/month=2024-11/part-0.parquet,14321,a0f90d922ef241fb7aae749c3a89e80da0e4063eeac9b1d1a0c7ee8c775faa85
win,KRA/parsed/kra_2024/market=win/year=2024/month=2024-12/part-0.parquet,13947,380d5b8325ba0c74b26d3e514b73159b9f657915cabdc5ade20d8b0a4e064d81
win,KRA/parsed/kra_2025/market=win/year=2025/month=2025-01/part-0.parquet,12965,d0673f0708ff70d77b815257cac5e59701ffd9a612a84752ae289503e3d0c78d
win,KRA/parsed/kra_2025/market=win/year=2025/month=2025-02/part-0.parquet,11564,00a8d156c1c4efb49be7104fdf44845dbf939252fcd734faa6cc73c1b8adbe8b
win,KRA/parsed/kra_2025/market=win/year=2025/month=2025-03/part-0.parquet,14488,c417f8def00281e50d7b03fb0d92c9519627b2ea60db60691ccdad047359db58
win,KRA/parsed/kra_2025/market=win/year=2025/month=2025-04/part-0.parquet,13457,56eb9af3b7601e65498dbd8f1b6a97e0d5fa9996e84c7ae1d21084a11f8228f2
win,KRA/parsed/kra_2025/market=win/year=2025/month=2025-05/part-0.parquet,14010,2a0fe1632ae4a8ff0099fa7900ccc164f2e902acb7350340793ab7ec0a69e926
win,KRA/parsed/kra_2025/market=win/year=2025/month=2025-06/part-0.parquet,13200,d200b2c194818e96550e2b2c8354dd1464a03a78f70e68c86b12297dae3ee05e
win,KRA/parsed/kra_2025/market=win/year=2025/month=2025-07/part-0.parquet,12031,50163885ac46254d218a7149324dc4ffc21a02d04a61dc73d5d2cdcda58ae63d
win,KRA/parsed/kra_2025/market=win/year=2025/month=2025-08/part-0.parquet,13196,c4897735f2676f718530cbaa8f6b5b65baea3645eb203b4b8670fe5f552a244a
win,KRA/parsed/kra_2025/market=win/year=2025/month=2025-09/part-0.parquet,13084,063458a3948110bbc3bef59d85cc54d8c023e404f9400765d53927225e4707dc
win,KRA/parsed/kra_2025/market=win/year=2025/month=2025-10/part-0.parquet,10572,09f4e0c74d30485ff3d818165f8b3692f7346ccc9a93a6a63b7dd9e9984a444b
win,KRA/parsed/kra_2025/market=win/year=2025/month=2025-11/part-0.parquet,15155,71e2b6688d66affa57a4fb46a4c78055616c5a7cf43595363dca44612056e63e
win,KRA/parsed/kra_2025/market=win/year=2025/month=2025-12/part-0.parquet,13269,85725a2963c123b56038fae82a256c05160e95a98a0c0f2e84950729e25f60f7
